[
{
  "model": "auth.user",
  "fields": {
    "password": "pbkdf2_sha256$1000000$iWtEbNbg0v823dPnw4Mlx1$xVrRFyA/vSVvPviE20O8HA5+lnEJV4TTO4L/qxPoIVE=",
    "last_login": "2026-01-20T17:50:17.350Z",
    "is_superuser": true,
    "username": "cool",
    "first_name": "Tushar",
    "last_name": "Singh",
    "email": "tushar@gmail.com",
    "is_staff": true,
    "is_active": true,
    "date_joined": "2025-09-18T16:14:17Z",
    "groups": [],
    "user_permissions": [
      [
        "add_doctorprofile",
        "accounts",
        "doctorprofile"
      ],
      [
        "change_doctorprofile",
        "accounts",
        "doctorprofile"
      ],
      [
        "delete_doctorprofile",
        "accounts",
        "doctorprofile"
      ],
      [
        "view_doctorprofile",
        "accounts",
        "doctorprofile"
      ],
      [
        "add_patientprofile",
        "accounts",
        "patientprofile"
      ],
      [
        "change_patientprofile",
        "accounts",
        "patientprofile"
      ],
      [
        "delete_patientprofile",
        "accounts",
        "patientprofile"
      ],
      [
        "view_patientprofile",
        "accounts",
        "patientprofile"
      ],
      [
        "add_userprofile",
        "accounts",
        "userprofile"
      ],
      [
        "change_userprofile",
        "accounts",
        "userprofile"
      ],
      [
        "delete_userprofile",
        "accounts",
        "userprofile"
      ],
      [
        "view_userprofile",
        "accounts",
        "userprofile"
      ],
      [
        "add_logentry",
        "admin",
        "logentry"
      ],
      [
        "change_logentry",
        "admin",
        "logentry"
      ],
      [
        "delete_logentry",
        "admin",
        "logentry"
      ],
      [
        "view_logentry",
        "admin",
        "logentry"
      ],
      [
        "add_group",
        "auth",
        "group"
      ],
      [
        "change_group",
        "auth",
        "group"
      ],
      [
        "delete_group",
        "auth",
        "group"
      ],
      [
        "view_group",
        "auth",
        "group"
      ],
      [
        "add_permission",
        "auth",
        "permission"
      ],
      [
        "change_permission",
        "auth",
        "permission"
      ],
      [
        "delete_permission",
        "auth",
        "permission"
      ],
      [
        "view_permission",
        "auth",
        "permission"
      ],
      [
        "add_user",
        "auth",
        "user"
      ],
      [
        "change_user",
        "auth",
        "user"
      ],
      [
        "delete_user",
        "auth",
        "user"
      ],
      [
        "view_user",
        "auth",
        "user"
      ],
      [
        "add_blogpost",
        "blogs",
        "blogpost"
      ],
      [
        "change_blogpost",
        "blogs",
        "blogpost"
      ],
      [
        "delete_blogpost",
        "blogs",
        "blogpost"
      ],
      [
        "view_blogpost",
        "blogs",
        "blogpost"
      ],
      [
        "add_accommodation",
        "bookings",
        "accommodation"
      ],
      [
        "change_accommodation",
        "bookings",
        "accommodation"
      ],
      [
        "delete_accommodation",
        "bookings",
        "accommodation"
      ],
      [
        "view_accommodation",
        "bookings",
        "accommodation"
      ],
      [
        "add_booking",
        "bookings",
        "booking"
      ],
      [
        "change_booking",
        "bookings",
        "booking"
      ],
      [
        "delete_booking",
        "bookings",
        "booking"
      ],
      [
        "view_booking",
        "bookings",
        "booking"
      ],
      [
        "add_contenttype",
        "contenttypes",
        "contenttype"
      ],
      [
        "change_contenttype",
        "contenttypes",
        "contenttype"
      ],
      [
        "delete_contenttype",
        "contenttypes",
        "contenttype"
      ],
      [
        "view_contenttype",
        "contenttypes",
        "contenttype"
      ],
      [
        "add_country",
        "core",
        "country"
      ],
      [
        "change_country",
        "core",
        "country"
      ],
      [
        "delete_country",
        "core",
        "country"
      ],
      [
        "view_country",
        "core",
        "country"
      ],
      [
        "add_state",
        "core",
        "state"
      ],
      [
        "change_state",
        "core",
        "state"
      ],
      [
        "delete_state",
        "core",
        "state"
      ],
      [
        "view_state",
        "core",
        "state"
      ],
      [
        "add_doctor",
        "doctors",
        "doctor"
      ],
      [
        "change_doctor",
        "doctors",
        "doctor"
      ],
      [
        "delete_doctor",
        "doctors",
        "doctor"
      ],
      [
        "view_doctor",
        "doctors",
        "doctor"
      ],
      [
        "add_doctormedia",
        "doctors",
        "doctormedia"
      ],
      [
        "change_doctormedia",
        "doctors",
        "doctormedia"
      ],
      [
        "delete_doctormedia",
        "doctors",
        "doctormedia"
      ],
      [
        "view_doctormedia",
        "doctors",
        "doctormedia"
      ],
      [
        "add_feedback",
        "feedbacks",
        "feedback"
      ],
      [
        "change_feedback",
        "feedbacks",
        "feedback"
      ],
      [
        "delete_feedback",
        "feedbacks",
        "feedback"
      ],
      [
        "view_feedback",
        "feedbacks",
        "feedback"
      ],
      [
        "add_hospital",
        "hospitals",
        "hospital"
      ],
      [
        "change_hospital",
        "hospitals",
        "hospital"
      ],
      [
        "delete_hospital",
        "hospitals",
        "hospital"
      ],
      [
        "view_hospital",
        "hospitals",
        "hospital"
      ],
      [
        "add_hospitalmedia",
        "hospitals",
        "hospitalmedia"
      ],
      [
        "change_hospitalmedia",
        "hospitals",
        "hospitalmedia"
      ],
      [
        "delete_hospitalmedia",
        "hospitals",
        "hospitalmedia"
      ],
      [
        "view_hospitalmedia",
        "hospitals",
        "hospitalmedia"
      ],
      [
        "add_session",
        "sessions",
        "session"
      ],
      [
        "change_session",
        "sessions",
        "session"
      ],
      [
        "delete_session",
        "sessions",
        "session"
      ],
      [
        "view_session",
        "sessions",
        "session"
      ],
      [
        "add_treatment",
        "treatments",
        "treatment"
      ],
      [
        "change_treatment",
        "treatments",
        "treatment"
      ],
      [
        "delete_treatment",
        "treatments",
        "treatment"
      ],
      [
        "view_treatment",
        "treatments",
        "treatment"
      ],
      [
        "add_treatmentcategory",
        "treatments",
        "treatmentcategory"
      ],
      [
        "change_treatmentcategory",
        "treatments",
        "treatmentcategory"
      ],
      [
        "delete_treatmentcategory",
        "treatments",
        "treatmentcategory"
      ],
      [
        "view_treatmentcategory",
        "treatments",
        "treatmentcategory"
      ]
    ]
  }
},
{
  "model": "auth.user",
  "fields": {
    "password": "pbkdf2_sha256$1000000$3rPqp714izndJiBKeslNui$krJsO6eBI3oxcRUr2MJSOOQjF0mcOcCLiwRAw2epNBo=",
    "last_login": "2026-05-03T15:53:51.461Z",
    "is_superuser": false,
    "username": "tusharsinghkumar02",
    "first_name": "Krishan Kumar",
    "last_name": "",
    "email": "tusharsinghkumar02@gmail.com",
    "is_staff": true,
    "is_active": true,
    "date_joined": "2025-10-04T04:04:38Z",
    "groups": [],
    "user_permissions": []
  }
},
{
  "model": "auth.user",
  "fields": {
    "password": "pbkdf2_sha256$1000000$wJ1qp16EyK7drWxbImygon$BCQFK9TEfYl8idWIntPmLYMFzliRLinnxl3VkrnxwgE=",
    "last_login": "2026-01-20T17:05:52.019Z",
    "is_superuser": false,
    "username": "tusharsinghkumar04",
    "first_name": "",
    "last_name": "",
    "email": "tush@gmail.com",
    "is_staff": false,
    "is_active": true,
    "date_joined": "2026-01-13T04:13:13.869Z",
    "groups": [],
    "user_permissions": []
  }
},
{
  "model": "sessions.session",
  "pk": "2d0z55vp5ekylgehwms9jkqbx5jw2pem",
  "fields": {
    "session_data": ".eJxVjEsOAiEQBe_C2hA-NoJL956B0E0jowaSYWZlvLtOMgvdvqp6LxHTutS4Dp7jlMVZWCUOvyMmenDbSL6nduuSelvmCeWmyJ0Oee2Zn5fd_TuoadRvDcQeLEOwmD1oe4J8RCwKkjYUyOfCjkl76xB0CA6tN4EDUEEko4p4fwAN_jh5:1vprQb:_AiqHo8q9rYv3T6Bx1yVJCPRJMsVgs5dL2CILhEHRMY",
    "expire_date": "2026-02-24T17:21:33.625Z"
  }
},
{
  "model": "sessions.session",
  "pk": "4i3c1bqd8ncggedlw4m2adnkiwkzodhb",
  "fields": {
    "session_data": ".eJxVjDsOwjAQBe_iGlnrhDgJJX3OEL3dtXEA2VI-FeLuECkFtG9m3suM2NY0bkuYx0nNxVTenH5HhjxC3onekW_FSsnrPLHdFXvQxQ5Fw_N6uH8HCUv61g3OxAEVSMRLTWh6FWhQ33WVelEXQM5J7bgl1thCqIdDpKjcsJr3Bz-dOeE:1v4tmv:aC4Bo8JlNqDDPPQuqs_q-Yi9hSY63Xx9aPKXf_3lEQ0",
    "expire_date": "2025-10-18T04:22:29.040Z"
  }
},
{
  "model": "sessions.session",
  "pk": "7l32bpct9sfbk4fmt9b64as0nxxvsjha",
  "fields": {
    "session_data": "e30:1v0vWI:CEyNqHzrm3ik1OAcrk0o-l9-lsu8JvrVoo4KdDdxhv4",
    "expire_date": "2025-10-07T05:24:54.522Z"
  }
},
{
  "model": "sessions.session",
  "pk": "8xz2q0ho4fa00q2r0b1noferpjgex4vh",
  "fields": {
    "session_data": ".eJxVjEEOgjAQRe_StWlayhTGpXvP0Mx0BosaSCisjHdXEha6_e-9_zKJtrWkreqSRjFn05jT78aUHzrtQO403Wab52ldRra7Yg9a7XUWfV4O9--gUC3fGnoBidAMIbbKnqPKkJG4VZ87yRQiovroQmihR-o4cHbgY4PIQA7M-wP0tDfY:1v2YIx:zcM-LLIghoe-JyOLr3uJU6JTAJMlpR1U18EF4lPCUSo",
    "expire_date": "2025-10-11T17:01:51.142Z"
  }
},
{
  "model": "sessions.session",
  "pk": "aowhgrp0bh37w668z1hmmzb67uyf6eqa",
  "fields": {
    "session_data": ".eJxVjMsOwiAQRf-FtSGVMjxcuvcbyDADUjWQlHZl_HfbpAvd3nPOfYuA61LC2tMcJhYXMYrT7xaRnqnugB9Y701Sq8s8Rbkr8qBd3hqn1_Vw_w4K9rLVCsFY78iPqCmbDDwYYjQjWKeJwFvPYM_kNiV7G5WLyujsohmAUybx-QLfOTgH:1v5klq:fA4pRfH_hxlUSJB36v_fepgfhTQv32KgZgg4zn5VLgo",
    "expire_date": "2025-10-20T12:56:54.976Z"
  }
},
{
  "model": "sessions.session",
  "pk": "aymqywa97q2exvfedxc5er031xnlwjw8",
  "fields": {
    "session_data": ".eJxVjDsOwjAQBe_iGlnZjb-U9JzB2rUNDiBbipMKcXcSKQW0b2beWwRalxLWnucwJXEWMIrT78gUn7nuJD2o3puMrS7zxHJX5EG7vLaUX5fD_Tso1MtWo4_WZ89u8MCIxCoxI2jlrAEi7SzBBsCYHO1At4hMRqlBK4MRaBSfL_gGN4Y:1v2Y0g:0sL41GGt2m0wtjPZ_gPAS3oBzNRpgzFQg6-Lh4G3eU8",
    "expire_date": "2025-10-11T16:42:58.626Z"
  }
},
{
  "model": "sessions.session",
  "pk": "cuouro5bn9y8n12rindec20nt1ds7do9",
  "fields": {
    "session_data": ".eJxVjMsOwiAQRf-FtSG8EZfu-w2EYQapGkhKuzL-uzbpQrf3nHNfLKZtrXEbtMQZ2YVJyU6_I6T8oLYTvKd26zz3ti4z8F3hBx186kjP6-H-HdQ06rcWWsqztsUabYm8LwKVBlmUykjgADAXQcIXG7JBAONMUk4LY6wMGAp7fwADODgm:1v13tc:BzSKCmaV5_k7sNDNYvmWv7hvZPT8ZgkEvkNgsTtkVyI",
    "expire_date": "2025-10-07T14:21:32.684Z"
  }
},
{
  "model": "sessions.session",
  "pk": "dl5kkvagxfdk081pc6np96j3e8erf4j3",
  "fields": {
    "session_data": ".eJxVjEsOAiEQBe_C2hA-NoJL956B0E0jowaSYWZlvLtOMgvdvqp6LxHTutS4Dp7jlMVZWCUOvyMmenDbSL6nduuSelvmCeWmyJ0Oee2Zn5fd_TuoadRvDcQeLEOwmD1oe4J8RCwKkjYUyOfCjkl76xB0CA6tN4EDUEEko4p4fwAN_jh5:1vrvVV:qig1z-jigGGsWFTP4kwilUcC41Zpy71vriCOD_vhicM",
    "expire_date": "2026-03-02T10:07:09.797Z"
  }
},
{
  "model": "sessions.session",
  "pk": "f2c93tyuk67zlhkkgfvfbi3pp7heddef",
  "fields": {
    "session_data": ".eJxVjMsOwiAQRf-FtSGVMjxcuvcbyDADUjWQlHZl_HfbpAvd3nPOfYuA61LC2tMcJhYXMYrT7xaRnqnugB9Y701Sq8s8Rbkr8qBd3hqn1_Vw_w4K9rLVCsFY78iPqCmbDDwYYjQjWKeJwFvPYM_kNiV7G5WLyujsohmAUybx-QLfOTgH:1v4I5t:ZHVXA1w6f_MRLMD8z6lPAv2nvLJPiSEuvtUc4IyRda4",
    "expire_date": "2025-10-16T12:07:33.245Z"
  }
},
{
  "model": "sessions.session",
  "pk": "f4bb4u1guwekbo5qbopf1dr04muhd3h7",
  "fields": {
    "session_data": "e30:1v0vT4:xmzU-UZDKQnT8qYFKA_GFtv2XgHuuaq2qRzO79OhTVI",
    "expire_date": "2025-10-07T05:21:34.604Z"
  }
},
{
  "model": "sessions.session",
  "pk": "fstisqpdxc8tfufextsb3ihp2lk1kz7c",
  "fields": {
    "session_data": ".eJxVjMsOwiAQRf-FtSGVMjxcuvcbyDADUjWQlHZl_HfbpAvd3nPOfYuA61LC2tMcJhYXMYrT7xaRnqnugB9Y701Sq8s8Rbkr8qBd3hqn1_Vw_w4K9rLVCsFY78iPqCmbDDwYYjQjWKeJwFvPYM_kNiV7G5WLyujsohmAUybx-QLfOTgH:1vF4Vh:OeMjRcllsHeJExONSVCsEO3T9l0pzdhwYZTewppbid0",
    "expire_date": "2025-11-15T05:50:45.208Z"
  }
},
{
  "model": "sessions.session",
  "pk": "ghpy4atvzh4h37zpjoji4ixc2i9uxma3",
  "fields": {
    "session_data": ".eJxVjDsOwjAQRO_iGlm2158NJX3OYK1_OIAcKU4qxN1JpBTQTDHvzbyZp22tfut58VNiVwbs8tsFis_cDpAe1O4zj3NblynwQ-En7XycU37dTvfvoFKv-9qBQEyyIKo8WJUBtdrTmVjAogxWI4ggrNVGyhSc0TnKMmgwSCTIss8XrDc2jg:1v37r6:KyZeJYFqF348RyEDKU5jfJmspNzVx_1ypZ3AkeE77vI",
    "expire_date": "2025-10-13T06:59:28.368Z"
  }
},
{
  "model": "sessions.session",
  "pk": "h94drkeh7xegz5ij4zwvq9mmgxx40029",
  "fields": {
    "session_data": ".eJxVjEsOAiEQBe_C2hA-NoJL956B0E0jowaSYWZlvLtOMgvdvqp6LxHTutS4Dp7jlMVZWCUOvyMmenDbSL6nduuSelvmCeWmyJ0Oee2Zn5fd_TuoadRvDcQeLEOwmD1oe4J8RCwKkjYUyOfCjkl76xB0CA6tN4EDUEEko4p4fwAN_jh5:1vrvVE:6cEheIf62LB2ena86mmW7VVK-hVyszDznFUhgSxNBLk",
    "expire_date": "2026-03-02T10:06:52.352Z"
  }
},
{
  "model": "sessions.session",
  "pk": "iars2nydh7qazh582zh2bko9c0sr1kxb",
  "fields": {
    "session_data": ".eJxVjk0OwiAQhe_C2pBSnAou3XsGwgxDqTY0KWVlvLs0dqGbt3g_X95LOF-35Grh1U1BXIXuxOnXRE9PznsSHj6Pi6Qlb-uEcq_IIy3yvgSeb0f3D5B8SW0NxAY0g9UYDCh9gXBGjB141ZMlEyIPTMroAUFZO6A2vWULFBGp72KDfg-4uWn1IzcoZ_H-AH5qQFA:1wJa3O:WtPjLo7tj9XG-5OVzEGld5simgdAlFbJqGHL24TC0kE",
    "expire_date": "2026-05-17T16:52:26.248Z"
  }
},
{
  "model": "sessions.session",
  "pk": "ny9x0m1d2r1huwqkxj64a44gojilfwkd",
  "fields": {
    "session_data": ".eJxVjDsOwjAQBe_iGlnZjb-U9JzB2rUNDiBbipMKcXcSKQW0b2beWwRalxLWnucwJXEWMIrT78gUn7nuJD2o3puMrS7zxHJX5EG7vLaUX5fD_Tso1MtWo4_WZ89u8MCIxCoxI2jlrAEi7SzBBsCYHO1At4hMRqlBK4MRaBSfL_gGN4Y:1v2YDC:OFgBOOW0_EP5iNtVadYmUyw1NhJf_jcxuD747_j45T4",
    "expire_date": "2025-10-11T16:55:54.895Z"
  }
},
{
  "model": "sessions.session",
  "pk": "os1kqd7t31isanrkztcx35cpbnyo4lx9",
  "fields": {
    "session_data": ".eJxVjDsOwjAQBe_iGlnrhDgJJX3OEL3dtXEA2VI-FeLuECkFtG9m3suM2NY0bkuYx0nNxVTenH5HhjxC3onekW_FSsnrPLHdFXvQxQ5Fw_N6uH8HCUv61g3OxAEVSMRLTWh6FWhQ33WVelEXQM5J7bgl1thCqIdDpKjcsJr3Bz-dOeE:1vEpGF:889k2Fh14aPUuXmtLWdZCfSAB1XqQhMjm8jiPxVJHCA",
    "expire_date": "2025-11-14T13:33:47.593Z"
  }
},
{
  "model": "sessions.session",
  "pk": "r84xhznd43xzbcja3sdzg935j49vdj1a",
  "fields": {
    "session_data": ".eJxVjDsOwjAQBe_iGlnZjb-U9JzB2rUNDiBbipMKcXcSKQW0b2beWwRalxLWnucwJXEWMIrT78gUn7nuJD2o3puMrS7zxHJX5EG7vLaUX5fD_Tso1MtWo4_WZ89u8MCIxCoxI2jlrAEi7SzBBsCYHO1At4hMRqlBK4MRaBSfL_gGN4Y:1v2Y0R:o8y8g3n3flR6cPHiX0UpdFguINldiwE3lUjEhfE9F5s",
    "expire_date": "2025-10-11T16:42:43.280Z"
  }
},
{
  "model": "sessions.session",
  "pk": "rfm2eo9rm6d80404ecd4bxn97jzrw1kh",
  "fields": {
    "session_data": ".eJxVjMsOwiAQRf-FtSGVMjxcuvcbyDADUjWQlHZl_HfbpAvd3nPOfYuA61LC2tMcJhYXMYrT7xaRnqnugB9Y701Sq8s8Rbkr8qBd3hqn1_Vw_w4K9rLVCsFY78iPqCmbDDwYYjQjWKeJwFvPYM_kNiV7G5WLyujsohmAUybx-QLfOTgH:1v9JlC:vZh2usTU8YbAU7I0fJ5KQpoFWTqctv4--srhk84KW8I",
    "expire_date": "2025-10-30T08:54:58.447Z"
  }
},
{
  "model": "sessions.session",
  "pk": "uge9e4o2jina0ldmliwbw5u67ubrypm3",
  "fields": {
    "session_data": ".eJxVjEsOAiEQBe_C2hA-NoJL956B0E0jowaSYWZlvLtOMgvdvqp6LxHTutS4Dp7jlMVZWCUOvyMmenDbSL6nduuSelvmCeWmyJ0Oee2Zn5fd_TuoadRvDcQeLEOwmD1oe4J8RCwKkjYUyOfCjkl76xB0CA6tN4EDUEEko4p4fwAN_jh5:1vprYa:Aw57ppIsCYzDE6W4f8N2Kd_5X8MQvZgfxrsIvOIjjtY",
    "expire_date": "2026-02-24T17:29:48.305Z"
  }
},
{
  "model": "sessions.session",
  "pk": "vxizfm43dz2g09ssn6ncu55s4j1z2l6p",
  "fields": {
    "session_data": ".eJxVjDEOwjAMRe-SGUXG1FHKyM4ZIid2SAElUtNOiLtDpQ6w_vfef5nA61LC2nUOk5izIXP43SKnh9YNyJ3rrdnU6jJP0W6K3Wm31yb6vOzu30HhXr41ssigKEA8jEJOR_JOwSNCBiDgxJK9pKjskDxjzHRiiUmyIwdH8_4A-dc4rg:1uzewg:3Xw3jpe8oOTZfJSxKHNuZ8TUGVV-nI5xzLRXzltJkIk",
    "expire_date": "2025-10-03T17:30:54.159Z"
  }
},
{
  "model": "sessions.session",
  "pk": "yiczonk9hi96aghcj6dl8nfvjsvdx4n1",
  "fields": {
    "session_data": ".eJxVjEsOAiEQBe_C2hA-NoJL956B0E0jowaSYWZlvLtOMgvdvqp6LxHTutS4Dp7jlMVZWCUOvyMmenDbSL6nduuSelvmCeWmyJ0Oee2Zn5fd_TuoadRvDcQeLEOwmD1oe4J8RCwKkjYUyOfCjkl76xB0CA6tN4EDUEEko4p4fwAN_jh5:1vprRt:lA62a7-0mNUOy6Y2hvdH6gUWFNNzxKXOcz0AIMCY1wk",
    "expire_date": "2026-02-24T17:22:53.734Z"
  }
},
{
  "model": "sessions.session",
  "pk": "yjcnx4upqbf2v153nkb2mwg7fv3gtv6m",
  "fields": {
    "session_data": "eyJkamFuZ29fbGFuZ3VhZ2UiOiJlbiJ9:1vid3H:OWnwW7lNtj0Jwj6KDoRDGF74R6i15n24PqKqSZqU9fU",
    "expire_date": "2026-02-04T18:35:35.737Z"
  }
},
{
  "model": "sessions.session",
  "pk": "yytsqyeuu8vtl31bchrrvn66ugptl0k4",
  "fields": {
    "session_data": ".eJxVjDsOwjAQBe_iGlnrhDgJJX3OEL3dtXEA2VI-FeLuECkFtG9m3suM2NY0bkuYx0nNxVTenH5HhjxC3onekW_FSsnrPLHdFXvQxQ5Fw_N6uH8HCUv61g3OxAEVSMRLTWh6FWhQ33WVelEXQM5J7bgl1thCqIdDpKjcsJr3Bz-dOeE:1v4tmj:DR9bkyjjd7SbVbZpTrJ4j38Pdb9NxTMhYRpvfvqAgjU",
    "expire_date": "2025-10-18T04:22:17.747Z"
  }
},
{
  "model": "sessions.session",
  "pk": "z9wnbdwv6de551qi1fyeic5ewhq8yox1",
  "fields": {
    "session_data": ".eJxVjDsOwjAQBe_iGllx1l9Kes5gbbxrHEC2FCcV4u4QKQW0b2beS0Tc1hK3zkucSZwFKHH6HSdMD647oTvWW5Op1XWZJ7kr8qBdXhvx83K4fwcFe_nWftBgDCvQGhNTcODYOspoQDGD9eCnZE0mFxQ6i96M6BhIhTGrgVm8P_dzN-c:1vF9O7:VvfdvtsIWVxNR2nB3M8PONMkNBVc-_ocoxhxoJvDE2U",
    "expire_date": "2025-11-15T11:03:15.323Z"
  }
},
{
  "model": "core.country",
  "pk": 1,
  "fields": {
    "name": "India",
    "code": "IN",
    "slug": "india",
    "flag_url": "https://flagcdn.com/w40/in.png"
  }
},
{
  "model": "core.country",
  "pk": 2,
  "fields": {
    "name": "Turkey",
    "code": "TR",
    "slug": "turkey",
    "flag_url": "https://flagcdn.com/w40/tr.png"
  }
},
{
  "model": "core.country",
  "pk": 3,
  "fields": {
    "name": "Test Country",
    "code": "TC",
    "slug": "test-country",
    "flag_url": "https://flagcdn.com/w40/tc.png"
  }
},
{
  "model": "core.country",
  "pk": 4,
  "fields": {
    "name": "Thailand",
    "code": "TH",
    "slug": "thailand",
    "flag_url": "https://flagcdn.com/w40/th.png"
  }
},
{
  "model": "core.country",
  "pk": 5,
  "fields": {
    "name": "Mexico",
    "code": "MX",
    "slug": "mexico",
    "flag_url": "https://flagcdn.com/w40/mx.png"
  }
},
{
  "model": "core.country",
  "pk": 6,
  "fields": {
    "name": "Malaysia",
    "code": "MY",
    "slug": "malaysia",
    "flag_url": "https://flagcdn.com/w40/my.png"
  }
},
{
  "model": "core.state",
  "pk": 1,
  "fields": {
    "country": 1,
    "name": "Maharashtra",
    "code": "",
    "slug": "in-maharashtra"
  }
},
{
  "model": "core.state",
  "pk": 2,
  "fields": {
    "country": 1,
    "name": "Kerala",
    "code": "",
    "slug": "in-kerala"
  }
},
{
  "model": "core.state",
  "pk": 3,
  "fields": {
    "country": 2,
    "name": "Istanbul",
    "code": "",
    "slug": "tr-istanbul"
  }
},
{
  "model": "core.state",
  "pk": 4,
  "fields": {
    "country": 1,
    "name": "Delhi",
    "code": "110044",
    "slug": "delhi"
  }
},
{
  "model": "core.state",
  "pk": 5,
  "fields": {
    "country": 3,
    "name": "Test State",
    "code": "",
    "slug": "tc-test-state"
  }
},
{
  "model": "core.state",
  "pk": 6,
  "fields": {
    "country": 1,
    "name": "Karnataka",
    "code": "",
    "slug": "in-karnataka"
  }
},
{
  "model": "core.state",
  "pk": 7,
  "fields": {
    "country": 1,
    "name": "Tamil Nadu",
    "code": "",
    "slug": "in-tamil-nadu"
  }
},
{
  "model": "core.state",
  "pk": 8,
  "fields": {
    "country": 2,
    "name": "Antalya",
    "code": "",
    "slug": "tr-antalya"
  }
},
{
  "model": "core.state",
  "pk": 9,
  "fields": {
    "country": 4,
    "name": "Bangkok",
    "code": "",
    "slug": "th-bangkok"
  }
},
{
  "model": "core.state",
  "pk": 10,
  "fields": {
    "country": 4,
    "name": "Phuket",
    "code": "",
    "slug": "th-phuket"
  }
},
{
  "model": "core.state",
  "pk": 11,
  "fields": {
    "country": 5,
    "name": "Quintana Roo",
    "code": "",
    "slug": "mx-quintana-roo"
  }
},
{
  "model": "core.state",
  "pk": 12,
  "fields": {
    "country": 5,
    "name": "Mexico City",
    "code": "",
    "slug": "mx-mexico-city"
  }
},
{
  "model": "core.state",
  "pk": 13,
  "fields": {
    "country": 6,
    "name": "Kuala Lumpur",
    "code": "",
    "slug": "my-kuala-lumpur"
  }
},
{
  "model": "core.state",
  "pk": 14,
  "fields": {
    "country": 6,
    "name": "Penang",
    "code": "",
    "slug": "my-penang"
  }
},
{
  "model": "treatments.treatmentcategory",
  "pk": 1,
  "fields": {
    "name": "Orthopedics",
    "slug": "orthopedics",
    "type": "medical"
  }
},
{
  "model": "treatments.treatmentcategory",
  "pk": 2,
  "fields": {
    "name": "Cosmetic",
    "slug": "cosmetic",
    "type": "aesthetic"
  }
},
{
  "model": "treatments.treatmentcategory",
  "pk": 3,
  "fields": {
    "name": "Ayurveda",
    "slug": "ayurveda",
    "type": "wellness"
  }
},
{
  "model": "treatments.treatmentcategory",
  "pk": 4,
  "fields": {
    "name": "Surgery",
    "slug": "surgery",
    "type": "medical"
  }
},
{
  "model": "treatments.treatmentcategory",
  "pk": 5,
  "fields": {
    "name": "Test Category",
    "slug": "test-category",
    "type": "medical"
  }
},
{
  "model": "treatments.treatmentcategory",
  "pk": 6,
  "fields": {
    "name": "Medical Treatments",
    "slug": "medical-treatments",
    "type": "medical"
  }
},
{
  "model": "treatments.treatmentcategory",
  "pk": 7,
  "fields": {
    "name": "General",
    "slug": "general",
    "type": "medical"
  }
},
{
  "model": "treatments.treatmentcategory",
  "pk": 8,
  "fields": {
    "name": "Cosmetic Surgery",
    "slug": "cosmetic-surgery-fixture",
    "type": "aesthetic"
  }
},
{
  "model": "treatments.treatmentcategory",
  "pk": 9,
  "fields": {
    "name": "Dermatology",
    "slug": "dermatology-fixture",
    "type": "medical"
  }
},
{
  "model": "treatments.treatmentcategory",
  "pk": 10,
  "fields": {
    "name": "Wellness & Preventive Care",
    "slug": "wellness-preventive-care-fixture",
    "type": "wellness"
  }
},
{
  "model": "treatments.treatmentcategory",
  "pk": 13,
  "fields": {
    "name": "Cardiology",
    "slug": "cardiology",
    "type": "medical"
  }
},
{
  "model": "treatments.treatmentcategory",
  "pk": 14,
  "fields": {
    "name": "Neurology",
    "slug": "neurology",
    "type": "medical"
  }
},
{
  "model": "treatments.treatmentcategory",
  "pk": 15,
  "fields": {
    "name": "Oncology",
    "slug": "oncology",
    "type": "medical"
  }
},
{
  "model": "treatments.treatmentcategory",
  "pk": 18,
  "fields": {
    "name": "Ophthalmology",
    "slug": "ophthalmology",
    "type": "medical"
  }
},
{
  "model": "treatments.treatmentcategory",
  "pk": 22,
  "fields": {
    "name": "Dental",
    "slug": "dental",
    "type": "aesthetic"
  }
},
{
  "model": "treatments.treatmentcategory",
  "pk": 23,
  "fields": {
    "name": "Hair Transplant",
    "slug": "hair-transplant",
    "type": "aesthetic"
  }
},
{
  "model": "treatments.treatmentcategory",
  "pk": 24,
  "fields": {
    "name": "Body Contouring",
    "slug": "body-contouring",
    "type": "aesthetic"
  }
},
{
  "model": "treatments.treatmentcategory",
  "pk": 25,
  "fields": {
    "name": "Yoga",
    "slug": "yoga",
    "type": "wellness"
  }
},
{
  "model": "treatments.treatmentcategory",
  "pk": 26,
  "fields": {
    "name": "Meditation",
    "slug": "meditation",
    "type": "wellness"
  }
},
{
  "model": "treatments.treatmentcategory",
  "pk": 27,
  "fields": {
    "name": "Detox",
    "slug": "detox",
    "type": "wellness"
  }
},
{
  "model": "treatments.treatmentcategory",
  "pk": 28,
  "fields": {
    "name": "Weight Management",
    "slug": "weight-management",
    "type": "wellness"
  }
},
{
  "model": "treatments.treatmentcategory",
  "pk": 29,
  "fields": {
    "name": "Spa Treatments",
    "slug": "spa-treatments",
    "type": "wellness"
  }
},
{
  "model": "treatments.treatmentcategory",
  "pk": 30,
  "fields": {
    "name": "Alternative Medicine",
    "slug": "alternative-medicine",
    "type": "wellness"
  }
},
{
  "model": "treatments.treatment",
  "pk": 1,
  "fields": {
    "name": "Knee Replacement",
    "slug": "knee-replacement",
    "description": "Knee replacement details.",
    "category": 1,
    "duration": "5-7 days",
    "anesthesia_type": "General",
    "recovery_time": "2-3 weeks",
    "procedure_details": "This treatment involves a comprehensive approach to address your medical condition with the latest techniques and technology. The procedure is performed by highly qualified specialists in state-of-the-art facilities.",
    "preparation_guidelines": "Consult your doctor,Stop certain medications,Complete medical tests,Fast before procedure",
    "aftercare_instructions": "Rest and recovery period,Medication schedule,Follow-up appointments,Activity restrictions",
    "starting_price": "5000.00",
    "review_count": 120
  }
},
{
  "model": "treatments.treatment",
  "pk": 2,
  "fields": {
    "name": "Rhinoplasty",
    "slug": "rhinoplasty",
    "description": "Nose reshaping surgery.",
    "category": 2,
    "duration": "5-7 days",
    "anesthesia_type": "General",
    "recovery_time": "2-3 weeks",
    "procedure_details": "This treatment involves a comprehensive approach to address your medical condition with the latest techniques and technology. The procedure is performed by highly qualified specialists in state-of-the-art facilities.",
    "preparation_guidelines": "Consult your doctor,Stop certain medications,Complete medical tests,Fast before procedure",
    "aftercare_instructions": "Rest and recovery period,Medication schedule,Follow-up appointments,Activity restrictions",
    "starting_price": "5000.00",
    "review_count": 120
  }
},
{
  "model": "treatments.treatment",
  "pk": 3,
  "fields": {
    "name": "Panchakarma",
    "slug": "panchakarma",
    "description": "Ayurvedic detox therapy.",
    "category": 3,
    "duration": "5-7 days",
    "anesthesia_type": "General",
    "recovery_time": "2-3 weeks",
    "procedure_details": "This treatment involves a comprehensive approach to address your medical condition with the latest techniques and technology. The procedure is performed by highly qualified specialists in state-of-the-art facilities.",
    "preparation_guidelines": "Consult your doctor,Stop certain medications,Complete medical tests,Fast before procedure",
    "aftercare_instructions": "Rest and recovery period,Medication schedule,Follow-up appointments,Activity restrictions",
    "starting_price": "5000.00",
    "review_count": 120
  }
},
{
  "model": "treatments.treatment",
  "pk": 4,
  "fields": {
    "name": "AIDS",
    "slug": "aids",
    "description": "HIV Problems",
    "category": 1,
    "duration": "5-7 days",
    "anesthesia_type": "General",
    "recovery_time": "2-3 weeks",
    "procedure_details": "This treatment involves a comprehensive approach to address your medical condition with the latest techniques and technology. The procedure is performed by highly qualified specialists in state-of-the-art facilities.",
    "preparation_guidelines": "Consult your doctor,Stop certain medications,Complete medical tests,Fast before procedure",
    "aftercare_instructions": "Rest and recovery period,Medication schedule,Follow-up appointments,Activity restrictions",
    "starting_price": "5000.00",
    "review_count": 120
  }
},
{
  "model": "treatments.treatment",
  "pk": 5,
  "fields": {
    "name": "Diabetes",
    "slug": "diabetes",
    "description": "Diabetes is a chronic metabolic disease where blood glucose levels are too high because the body doesn't make enough insulin or doesn't use insulin effectively. Symptoms can include increased thirst, frequent urination, and unexplained weight loss, while long-term complications can affect the heart, eyes, kidneys, and nerves. Type 1 diabetes involves the body producing little to no insulin, while Type 2 diabetes involves insulin resistance or insufficient insulin production.",
    "category": 4,
    "duration": "5-7 days",
    "anesthesia_type": "General",
    "recovery_time": "2-3 weeks",
    "procedure_details": "This treatment involves a comprehensive approach to address your medical condition with the latest techniques and technology. The procedure is performed by highly qualified specialists in state-of-the-art facilities.",
    "preparation_guidelines": "Consult your doctor,Stop certain medications,Complete medical tests,Fast before procedure",
    "aftercare_instructions": "Rest and recovery period,Medication schedule,Follow-up appointments,Activity restrictions",
    "starting_price": "5000.00",
    "review_count": 120
  }
},
{
  "model": "treatments.treatment",
  "pk": 6,
  "fields": {
    "name": "Knee Replacement Test",
    "slug": "knee-replacement-test",
    "description": "Surgical procedure to replace damaged knee joints",
    "category": 5,
    "duration": "5-7 days",
    "anesthesia_type": "General",
    "recovery_time": "2-3 weeks",
    "procedure_details": "This treatment involves a comprehensive approach to address your medical condition with the latest techniques and technology. The procedure is performed by highly qualified specialists in state-of-the-art facilities.",
    "preparation_guidelines": "Consult your doctor,Stop certain medications,Complete medical tests,Fast before procedure",
    "aftercare_instructions": "Rest and recovery period,Medication schedule,Follow-up appointments,Activity restrictions",
    "starting_price": "5000.00",
    "review_count": 120
  }
},
{
  "model": "treatments.treatment",
  "pk": 7,
  "fields": {
    "name": "AIDS Treatment",
    "slug": "aids-treatment",
    "description": "",
    "category": 6,
    "duration": "5-7 days",
    "anesthesia_type": "General",
    "recovery_time": "2-3 weeks",
    "procedure_details": "This treatment involves a comprehensive approach to address your medical condition with the latest techniques and technology. The procedure is performed by highly qualified specialists in state-of-the-art facilities.",
    "preparation_guidelines": "Consult your doctor,Stop certain medications,Complete medical tests,Fast before procedure",
    "aftercare_instructions": "Rest and recovery period,Medication schedule,Follow-up appointments,Activity restrictions",
    "starting_price": "5000.00",
    "review_count": 120
  }
},
{
  "model": "treatments.treatment",
  "pk": 8,
  "fields": {
    "name": "Diabetes Management",
    "slug": "diabetes-management",
    "description": "",
    "category": 6,
    "duration": "5-7 days",
    "anesthesia_type": "General",
    "recovery_time": "2-3 weeks",
    "procedure_details": "This treatment involves a comprehensive approach to address your medical condition with the latest techniques and technology. The procedure is performed by highly qualified specialists in state-of-the-art facilities.",
    "preparation_guidelines": "Consult your doctor,Stop certain medications,Complete medical tests,Fast before procedure",
    "aftercare_instructions": "Rest and recovery period,Medication schedule,Follow-up appointments,Activity restrictions",
    "starting_price": "5000.00",
    "review_count": 120
  }
},
{
  "model": "treatments.treatment",
  "pk": 9,
  "fields": {
    "name": "General Consultation",
    "slug": "general-consultation",
    "description": "General medical consultation",
    "category": 1,
    "duration": "5-7 days",
    "anesthesia_type": "General",
    "recovery_time": "2-3 weeks",
    "procedure_details": "This treatment involves a comprehensive approach to address your medical condition with the latest techniques and technology. The procedure is performed by highly qualified specialists in state-of-the-art facilities.",
    "preparation_guidelines": "Consult your doctor,Stop certain medications,Complete medical tests,Fast before procedure",
    "aftercare_instructions": "Rest and recovery period,Medication schedule,Follow-up appointments,Activity restrictions",
    "starting_price": "50.00",
    "review_count": 120
  }
},
{
  "model": "treatments.treatment",
  "pk": 10,
  "fields": {
    "name": "Executive Health Checkup",
    "slug": "executive-health-checkup-fixture",
    "description": "Comprehensive health assessment package designed for busy professionals to detect potential health issues early.",
    "category": 10,
    "duration": "1-2 days",
    "anesthesia_type": "None",
    "recovery_time": "Immediate",
    "procedure_details": "Extensive medical evaluation including blood tests, imaging studies, specialist consultations, and personalized health recommendations.",
    "preparation_guidelines": "Fasting requirements, Medication instructions, Previous reports, Appointment scheduling, Health history",
    "aftercare_instructions": "Report review, Follow-up appointments, Lifestyle recommendations, Health monitoring, Preventive measures",
    "starting_price": "1200.00",
    "review_count": 320
  }
},
{
  "model": "treatments.treatment",
  "pk": 16,
  "fields": {
    "name": "Hip Replacement",
    "slug": "hip-replacement",
    "description": "Surgical procedure to replace damaged hip joint with artificial components.",
    "category": 1,
    "duration": "5-7 days",
    "anesthesia_type": "General",
    "recovery_time": "2-3 weeks",
    "procedure_details": "This treatment involves a comprehensive approach to address your medical condition with the latest techniques and technology. The procedure is performed by highly qualified specialists in state-of-the-art facilities.",
    "preparation_guidelines": "Consult your doctor,Stop certain medications,Complete medical tests,Fast before procedure",
    "aftercare_instructions": "Rest and recovery period,Medication schedule,Follow-up appointments,Activity restrictions",
    "starting_price": "9500.00",
    "review_count": 120
  }
},
{
  "model": "treatments.treatment",
  "pk": 17,
  "fields": {
    "name": "Spinal Fusion",
    "slug": "spinal-fusion",
    "description": "Surgical technique to join two or more vertebrae in the spine.",
    "category": 1,
    "duration": "5-7 days",
    "anesthesia_type": "General",
    "recovery_time": "2-3 weeks",
    "procedure_details": "This treatment involves a comprehensive approach to address your medical condition with the latest techniques and technology. The procedure is performed by highly qualified specialists in state-of-the-art facilities.",
    "preparation_guidelines": "Consult your doctor,Stop certain medications,Complete medical tests,Fast before procedure",
    "aftercare_instructions": "Rest and recovery period,Medication schedule,Follow-up appointments,Activity restrictions",
    "starting_price": "12000.00",
    "review_count": 120
  }
},
{
  "model": "treatments.treatment",
  "pk": 18,
  "fields": {
    "name": "Arthroscopic Surgery",
    "slug": "arthroscopic-surgery",
    "description": "Minimally invasive procedure to diagnose and treat joint problems.",
    "category": 1,
    "duration": "5-7 days",
    "anesthesia_type": "General",
    "recovery_time": "2-3 weeks",
    "procedure_details": "This treatment involves a comprehensive approach to address your medical condition with the latest techniques and technology. The procedure is performed by highly qualified specialists in state-of-the-art facilities.",
    "preparation_guidelines": "Consult your doctor,Stop certain medications,Complete medical tests,Fast before procedure",
    "aftercare_instructions": "Rest and recovery period,Medication schedule,Follow-up appointments,Activity restrictions",
    "starting_price": "4500.00",
    "review_count": 120
  }
},
{
  "model": "treatments.treatment",
  "pk": 19,
  "fields": {
    "name": "Shoulder Replacement",
    "slug": "shoulder-replacement",
    "description": "Surgical procedure to replace damaged shoulder joint with artificial components.",
    "category": 1,
    "duration": "5-7 days",
    "anesthesia_type": "General",
    "recovery_time": "2-3 weeks",
    "procedure_details": "This treatment involves a comprehensive approach to address your medical condition with the latest techniques and technology. The procedure is performed by highly qualified specialists in state-of-the-art facilities.",
    "preparation_guidelines": "Consult your doctor,Stop certain medications,Complete medical tests,Fast before procedure",
    "aftercare_instructions": "Rest and recovery period,Medication schedule,Follow-up appointments,Activity restrictions",
    "starting_price": "11000.00",
    "review_count": 120
  }
},
{
  "model": "treatments.treatment",
  "pk": 20,
  "fields": {
    "name": "Angioplasty",
    "slug": "angioplasty",
    "description": "Procedure to open blocked heart arteries using balloon catheter.",
    "category": 13,
    "duration": "5-7 days",
    "anesthesia_type": "General",
    "recovery_time": "2-3 weeks",
    "procedure_details": "This treatment involves a comprehensive approach to address your medical condition with the latest techniques and technology. The procedure is performed by highly qualified specialists in state-of-the-art facilities.",
    "preparation_guidelines": "Consult your doctor,Stop certain medications,Complete medical tests,Fast before procedure",
    "aftercare_instructions": "Rest and recovery period,Medication schedule,Follow-up appointments,Activity restrictions",
    "starting_price": "7500.00",
    "review_count": 120
  }
},
{
  "model": "treatments.treatment",
  "pk": 21,
  "fields": {
    "name": "Bypass Surgery",
    "slug": "bypass-surgery",
    "description": "Surgical procedure to redirect blood flow around blocked arteries.",
    "category": 13,
    "duration": "5-7 days",
    "anesthesia_type": "General",
    "recovery_time": "2-3 weeks",
    "procedure_details": "This treatment involves a comprehensive approach to address your medical condition with the latest techniques and technology. The procedure is performed by highly qualified specialists in state-of-the-art facilities.",
    "preparation_guidelines": "Consult your doctor,Stop certain medications,Complete medical tests,Fast before procedure",
    "aftercare_instructions": "Rest and recovery period,Medication schedule,Follow-up appointments,Activity restrictions",
    "starting_price": "15000.00",
    "review_count": 120
  }
},
{
  "model": "treatments.treatment",
  "pk": 22,
  "fields": {
    "name": "Heart Valve Replacement",
    "slug": "heart-valve-replacement",
    "description": "Surgical procedure to replace damaged heart valves.",
    "category": 13,
    "duration": "5-7 days",
    "anesthesia_type": "General",
    "recovery_time": "2-3 weeks",
    "procedure_details": "This treatment involves a comprehensive approach to address your medical condition with the latest techniques and technology. The procedure is performed by highly qualified specialists in state-of-the-art facilities.",
    "preparation_guidelines": "Consult your doctor,Stop certain medications,Complete medical tests,Fast before procedure",
    "aftercare_instructions": "Rest and recovery period,Medication schedule,Follow-up appointments,Activity restrictions",
    "starting_price": "18000.00",
    "review_count": 120
  }
},
{
  "model": "treatments.treatment",
  "pk": 23,
  "fields": {
    "name": "Pacemaker Implantation",
    "slug": "pacemaker-implantation",
    "description": "Procedure to implant a device that regulates heart rhythm.",
    "category": 13,
    "duration": "5-7 days",
    "anesthesia_type": "General",
    "recovery_time": "2-3 weeks",
    "procedure_details": "This treatment involves a comprehensive approach to address your medical condition with the latest techniques and technology. The procedure is performed by highly qualified specialists in state-of-the-art facilities.",
    "preparation_guidelines": "Consult your doctor,Stop certain medications,Complete medical tests,Fast before procedure",
    "aftercare_instructions": "Rest and recovery period,Medication schedule,Follow-up appointments,Activity restrictions",
    "starting_price": "6000.00",
    "review_count": 120
  }
},
{
  "model": "treatments.treatment",
  "pk": 24,
  "fields": {
    "name": "Cardiac Ablation",
    "slug": "cardiac-ablation",
    "description": "Procedure to correct heart rhythm problems by destroying abnormal tissue.",
    "category": 13,
    "duration": "5-7 days",
    "anesthesia_type": "General",
    "recovery_time": "2-3 weeks",
    "procedure_details": "This treatment involves a comprehensive approach to address your medical condition with the latest techniques and technology. The procedure is performed by highly qualified specialists in state-of-the-art facilities.",
    "preparation_guidelines": "Consult your doctor,Stop certain medications,Complete medical tests,Fast before procedure",
    "aftercare_instructions": "Rest and recovery period,Medication schedule,Follow-up appointments,Activity restrictions",
    "starting_price": "8500.00",
    "review_count": 120
  }
},
{
  "model": "treatments.treatment",
  "pk": 25,
  "fields": {
    "name": "Brain Tumor Removal",
    "slug": "brain-tumor-removal",
    "description": "Surgical procedure to remove abnormal growths in the brain.",
    "category": 14,
    "duration": "5-7 days",
    "anesthesia_type": "General",
    "recovery_time": "2-3 weeks",
    "procedure_details": "This treatment involves a comprehensive approach to address your medical condition with the latest techniques and technology. The procedure is performed by highly qualified specialists in state-of-the-art facilities.",
    "preparation_guidelines": "Consult your doctor,Stop certain medications,Complete medical tests,Fast before procedure",
    "aftercare_instructions": "Rest and recovery period,Medication schedule,Follow-up appointments,Activity restrictions",
    "starting_price": "20000.00",
    "review_count": 120
  }
},
{
  "model": "treatments.treatment",
  "pk": 26,
  "fields": {
    "name": "Spinal Cord Surgery",
    "slug": "spinal-cord-surgery",
    "description": "Surgical treatment for spinal cord injuries and conditions.",
    "category": 14,
    "duration": "5-7 days",
    "anesthesia_type": "General",
    "recovery_time": "2-3 weeks",
    "procedure_details": "This treatment involves a comprehensive approach to address your medical condition with the latest techniques and technology. The procedure is performed by highly qualified specialists in state-of-the-art facilities.",
    "preparation_guidelines": "Consult your doctor,Stop certain medications,Complete medical tests,Fast before procedure",
    "aftercare_instructions": "Rest and recovery period,Medication schedule,Follow-up appointments,Activity restrictions",
    "starting_price": "16000.00",
    "review_count": 120
  }
},
{
  "model": "treatments.treatment",
  "pk": 27,
  "fields": {
    "name": "Deep Brain Stimulation",
    "slug": "deep-brain-stimulation",
    "description": "Treatment for movement disorders using implanted electrodes.",
    "category": 14,
    "duration": "5-7 days",
    "anesthesia_type": "General",
    "recovery_time": "2-3 weeks",
    "procedure_details": "This treatment involves a comprehensive approach to address your medical condition with the latest techniques and technology. The procedure is performed by highly qualified specialists in state-of-the-art facilities.",
    "preparation_guidelines": "Consult your doctor,Stop certain medications,Complete medical tests,Fast before procedure",
    "aftercare_instructions": "Rest and recovery period,Medication schedule,Follow-up appointments,Activity restrictions",
    "starting_price": "25000.00",
    "review_count": 120
  }
},
{
  "model": "treatments.treatment",
  "pk": 28,
  "fields": {
    "name": "Epilepsy Surgery",
    "slug": "epilepsy-surgery",
    "description": "Surgical treatment for drug-resistant epilepsy.",
    "category": 14,
    "duration": "5-7 days",
    "anesthesia_type": "General",
    "recovery_time": "2-3 weeks",
    "procedure_details": "This treatment involves a comprehensive approach to address your medical condition with the latest techniques and technology. The procedure is performed by highly qualified specialists in state-of-the-art facilities.",
    "preparation_guidelines": "Consult your doctor,Stop certain medications,Complete medical tests,Fast before procedure",
    "aftercare_instructions": "Rest and recovery period,Medication schedule,Follow-up appointments,Activity restrictions",
    "starting_price": "18000.00",
    "review_count": 120
  }
},
{
  "model": "treatments.treatment",
  "pk": 29,
  "fields": {
    "name": "Stroke Rehabilitation",
    "slug": "stroke-rehabilitation",
    "description": "Comprehensive rehabilitation program for stroke patients.",
    "category": 14,
    "duration": "5-7 days",
    "anesthesia_type": "General",
    "recovery_time": "2-3 weeks",
    "procedure_details": "This treatment involves a comprehensive approach to address your medical condition with the latest techniques and technology. The procedure is performed by highly qualified specialists in state-of-the-art facilities.",
    "preparation_guidelines": "Consult your doctor,Stop certain medications,Complete medical tests,Fast before procedure",
    "aftercare_instructions": "Rest and recovery period,Medication schedule,Follow-up appointments,Activity restrictions",
    "starting_price": "3500.00",
    "review_count": 120
  }
},
{
  "model": "treatments.treatment",
  "pk": 30,
  "fields": {
    "name": "Chemotherapy",
    "slug": "chemotherapy",
    "description": "Treatment using drugs to destroy cancer cells.",
    "category": 15,
    "duration": "5-7 days",
    "anesthesia_type": "General",
    "recovery_time": "2-3 weeks",
    "procedure_details": "This treatment involves a comprehensive approach to address your medical condition with the latest techniques and technology. The procedure is performed by highly qualified specialists in state-of-the-art facilities.",
    "preparation_guidelines": "Consult your doctor,Stop certain medications,Complete medical tests,Fast before procedure",
    "aftercare_instructions": "Rest and recovery period,Medication schedule,Follow-up appointments,Activity restrictions",
    "starting_price": "5000.00",
    "review_count": 120
  }
},
{
  "model": "treatments.treatment",
  "pk": 31,
  "fields": {
    "name": "Radiation Therapy",
    "slug": "radiation-therapy",
    "description": "Treatment using high-energy radiation to kill cancer cells.",
    "category": 15,
    "duration": "5-7 days",
    "anesthesia_type": "General",
    "recovery_time": "2-3 weeks",
    "procedure_details": "This treatment involves a comprehensive approach to address your medical condition with the latest techniques and technology. The procedure is performed by highly qualified specialists in state-of-the-art facilities.",
    "preparation_guidelines": "Consult your doctor,Stop certain medications,Complete medical tests,Fast before procedure",
    "aftercare_instructions": "Rest and recovery period,Medication schedule,Follow-up appointments,Activity restrictions",
    "starting_price": "7000.00",
    "review_count": 120
  }
},
{
  "model": "treatments.treatment",
  "pk": 32,
  "fields": {
    "name": "Immunotherapy",
    "slug": "immunotherapy",
    "description": "Treatment that helps immune system fight cancer.",
    "category": 15,
    "duration": "5-7 days",
    "anesthesia_type": "General",
    "recovery_time": "2-3 weeks",
    "procedure_details": "This treatment involves a comprehensive approach to address your medical condition with the latest techniques and technology. The procedure is performed by highly qualified specialists in state-of-the-art facilities.",
    "preparation_guidelines": "Consult your doctor,Stop certain medications,Complete medical tests,Fast before procedure",
    "aftercare_instructions": "Rest and recovery period,Medication schedule,Follow-up appointments,Activity restrictions",
    "starting_price": "12000.00",
    "review_count": 120
  }
},
{
  "model": "treatments.treatment",
  "pk": 33,
  "fields": {
    "name": "Targeted Therapy",
    "slug": "targeted-therapy",
    "description": "Treatment that targets specific cancer cell features.",
    "category": 15,
    "duration": "5-7 days",
    "anesthesia_type": "General",
    "recovery_time": "2-3 weeks",
    "procedure_details": "This treatment involves a comprehensive approach to address your medical condition with the latest techniques and technology. The procedure is performed by highly qualified specialists in state-of-the-art facilities.",
    "preparation_guidelines": "Consult your doctor,Stop certain medications,Complete medical tests,Fast before procedure",
    "aftercare_instructions": "Rest and recovery period,Medication schedule,Follow-up appointments,Activity restrictions",
    "starting_price": "15000.00",
    "review_count": 120
  }
},
{
  "model": "treatments.treatment",
  "pk": 34,
  "fields": {
    "name": "Stem Cell Transplant",
    "slug": "stem-cell-transplant",
    "description": "Procedure to replace damaged bone marrow with healthy stem cells.",
    "category": 15,
    "duration": "5-7 days",
    "anesthesia_type": "General",
    "recovery_time": "2-3 weeks",
    "procedure_details": "This treatment involves a comprehensive approach to address your medical condition with the latest techniques and technology. The procedure is performed by highly qualified specialists in state-of-the-art facilities.",
    "preparation_guidelines": "Consult your doctor,Stop certain medications,Complete medical tests,Fast before procedure",
    "aftercare_instructions": "Rest and recovery period,Medication schedule,Follow-up appointments,Activity restrictions",
    "starting_price": "22000.00",
    "review_count": 120
  }
},
{
  "model": "treatments.treatment",
  "pk": 35,
  "fields": {
    "name": "Breast Augmentation",
    "slug": "breast-augmentation",
    "description": "Surgical procedure to increase breast size using implants.",
    "category": 8,
    "duration": "5-7 days",
    "anesthesia_type": "General",
    "recovery_time": "2-3 weeks",
    "procedure_details": "This treatment involves a comprehensive approach to address your medical condition with the latest techniques and technology. The procedure is performed by highly qualified specialists in state-of-the-art facilities.",
    "preparation_guidelines": "Consult your doctor,Stop certain medications,Complete medical tests,Fast before procedure",
    "aftercare_instructions": "Rest and recovery period,Medication schedule,Follow-up appointments,Activity restrictions",
    "starting_price": "6000.00",
    "review_count": 120
  }
},
{
  "model": "treatments.treatment",
  "pk": 36,
  "fields": {
    "name": "Liposuction",
    "slug": "liposuction",
    "description": "Surgical procedure to remove excess fat from specific body areas.",
    "category": 8,
    "duration": "5-7 days",
    "anesthesia_type": "General",
    "recovery_time": "2-3 weeks",
    "procedure_details": "This treatment involves a comprehensive approach to address your medical condition with the latest techniques and technology. The procedure is performed by highly qualified specialists in state-of-the-art facilities.",
    "preparation_guidelines": "Consult your doctor,Stop certain medications,Complete medical tests,Fast before procedure",
    "aftercare_instructions": "Rest and recovery period,Medication schedule,Follow-up appointments,Activity restrictions",
    "starting_price": "3500.00",
    "review_count": 120
  }
},
{
  "model": "treatments.treatment",
  "pk": 37,
  "fields": {
    "name": "Facelift",
    "slug": "facelift",
    "description": "Surgical procedure to reduce signs of aging in the face and neck.",
    "category": 8,
    "duration": "5-7 days",
    "anesthesia_type": "General",
    "recovery_time": "2-3 weeks",
    "procedure_details": "This treatment involves a comprehensive approach to address your medical condition with the latest techniques and technology. The procedure is performed by highly qualified specialists in state-of-the-art facilities.",
    "preparation_guidelines": "Consult your doctor,Stop certain medications,Complete medical tests,Fast before procedure",
    "aftercare_instructions": "Rest and recovery period,Medication schedule,Follow-up appointments,Activity restrictions",
    "starting_price": "8000.00",
    "review_count": 120
  }
},
{
  "model": "treatments.treatment",
  "pk": 38,
  "fields": {
    "name": "Tummy Tuck",
    "slug": "tummy-tuck",
    "description": "Surgical procedure to remove excess skin and fat from the abdomen.",
    "category": 8,
    "duration": "5-7 days",
    "anesthesia_type": "General",
    "recovery_time": "2-3 weeks",
    "procedure_details": "This treatment involves a comprehensive approach to address your medical condition with the latest techniques and technology. The procedure is performed by highly qualified specialists in state-of-the-art facilities.",
    "preparation_guidelines": "Consult your doctor,Stop certain medications,Complete medical tests,Fast before procedure",
    "aftercare_instructions": "Rest and recovery period,Medication schedule,Follow-up appointments,Activity restrictions",
    "starting_price": "5500.00",
    "review_count": 120
  }
},
{
  "model": "treatments.treatment",
  "pk": 39,
  "fields": {
    "name": "FUE Hair Transplant",
    "slug": "fue-hair-transplant",
    "description": "Follicular Unit Extraction hair restoration technique.",
    "category": 23,
    "duration": "5-7 days",
    "anesthesia_type": "General",
    "recovery_time": "2-3 weeks",
    "procedure_details": "This treatment involves a comprehensive approach to address your medical condition with the latest techniques and technology. The procedure is performed by highly qualified specialists in state-of-the-art facilities.",
    "preparation_guidelines": "Consult your doctor,Stop certain medications,Complete medical tests,Fast before procedure",
    "aftercare_instructions": "Rest and recovery period,Medication schedule,Follow-up appointments,Activity restrictions",
    "starting_price": "2500.00",
    "review_count": 120
  }
},
{
  "model": "treatments.treatment",
  "pk": 40,
  "fields": {
    "name": "FUT Hair Transplant",
    "slug": "fut-hair-transplant",
    "description": "Follicular Unit Transplantation hair restoration technique.",
    "category": 23,
    "duration": "5-7 days",
    "anesthesia_type": "General",
    "recovery_time": "2-3 weeks",
    "procedure_details": "This treatment involves a comprehensive approach to address your medical condition with the latest techniques and technology. The procedure is performed by highly qualified specialists in state-of-the-art facilities.",
    "preparation_guidelines": "Consult your doctor,Stop certain medications,Complete medical tests,Fast before procedure",
    "aftercare_instructions": "Rest and recovery period,Medication schedule,Follow-up appointments,Activity restrictions",
    "starting_price": "2000.00",
    "review_count": 120
  }
},
{
  "model": "treatments.treatment",
  "pk": 41,
  "fields": {
    "name": "Beard Transplant",
    "slug": "beard-transplant",
    "description": "Hair transplant procedure specifically for facial hair restoration.",
    "category": 23,
    "duration": "5-7 days",
    "anesthesia_type": "General",
    "recovery_time": "2-3 weeks",
    "procedure_details": "This treatment involves a comprehensive approach to address your medical condition with the latest techniques and technology. The procedure is performed by highly qualified specialists in state-of-the-art facilities.",
    "preparation_guidelines": "Consult your doctor,Stop certain medications,Complete medical tests,Fast before procedure",
    "aftercare_instructions": "Rest and recovery period,Medication schedule,Follow-up appointments,Activity restrictions",
    "starting_price": "1800.00",
    "review_count": 120
  }
},
{
  "model": "treatments.treatment",
  "pk": 42,
  "fields": {
    "name": "Eyebrow Transplant",
    "slug": "eyebrow-transplant",
    "description": "Hair transplant procedure for eyebrow restoration.",
    "category": 23,
    "duration": "5-7 days",
    "anesthesia_type": "General",
    "recovery_time": "2-3 weeks",
    "procedure_details": "This treatment involves a comprehensive approach to address your medical condition with the latest techniques and technology. The procedure is performed by highly qualified specialists in state-of-the-art facilities.",
    "preparation_guidelines": "Consult your doctor,Stop certain medications,Complete medical tests,Fast before procedure",
    "aftercare_instructions": "Rest and recovery period,Medication schedule,Follow-up appointments,Activity restrictions",
    "starting_price": "1500.00",
    "review_count": 120
  }
},
{
  "model": "treatments.treatment",
  "pk": 43,
  "fields": {
    "name": "Dental Implants",
    "slug": "dental-implants",
    "description": "Surgical component that interfaces with the bone of the jaw to support dental prosthetics.",
    "category": 22,
    "duration": "5-7 days",
    "anesthesia_type": "General",
    "recovery_time": "2-3 weeks",
    "procedure_details": "This treatment involves a comprehensive approach to address your medical condition with the latest techniques and technology. The procedure is performed by highly qualified specialists in state-of-the-art facilities.",
    "preparation_guidelines": "Consult your doctor,Stop certain medications,Complete medical tests,Fast before procedure",
    "aftercare_instructions": "Rest and recovery period,Medication schedule,Follow-up appointments,Activity restrictions",
    "starting_price": "1200.00",
    "review_count": 120
  }
},
{
  "model": "treatments.treatment",
  "pk": 44,
  "fields": {
    "name": "Teeth Whitening",
    "slug": "teeth-whitening",
    "description": "Cosmetic dental procedure to improve the appearance of teeth.",
    "category": 22,
    "duration": "5-7 days",
    "anesthesia_type": "General",
    "recovery_time": "2-3 weeks",
    "procedure_details": "This treatment involves a comprehensive approach to address your medical condition with the latest techniques and technology. The procedure is performed by highly qualified specialists in state-of-the-art facilities.",
    "preparation_guidelines": "Consult your doctor,Stop certain medications,Complete medical tests,Fast before procedure",
    "aftercare_instructions": "Rest and recovery period,Medication schedule,Follow-up appointments,Activity restrictions",
    "starting_price": "300.00",
    "review_count": 120
  }
},
{
  "model": "treatments.treatment",
  "pk": 45,
  "fields": {
    "name": "Veneers",
    "slug": "veneers",
    "description": "Thin custom-made shells to cover the front surface of teeth.",
    "category": 22,
    "duration": "5-7 days",
    "anesthesia_type": "General",
    "recovery_time": "2-3 weeks",
    "procedure_details": "This treatment involves a comprehensive approach to address your medical condition with the latest techniques and technology. The procedure is performed by highly qualified specialists in state-of-the-art facilities.",
    "preparation_guidelines": "Consult your doctor,Stop certain medications,Complete medical tests,Fast before procedure",
    "aftercare_instructions": "Rest and recovery period,Medication schedule,Follow-up appointments,Activity restrictions",
    "starting_price": "800.00",
    "review_count": 120
  }
},
{
  "model": "treatments.treatment",
  "pk": 46,
  "fields": {
    "name": "Invisalign",
    "slug": "invisalign",
    "description": "Clear aligner system to straighten teeth without traditional braces.",
    "category": 22,
    "duration": "5-7 days",
    "anesthesia_type": "General",
    "recovery_time": "2-3 weeks",
    "procedure_details": "This treatment involves a comprehensive approach to address your medical condition with the latest techniques and technology. The procedure is performed by highly qualified specialists in state-of-the-art facilities.",
    "preparation_guidelines": "Consult your doctor,Stop certain medications,Complete medical tests,Fast before procedure",
    "aftercare_instructions": "Rest and recovery period,Medication schedule,Follow-up appointments,Activity restrictions",
    "starting_price": "2500.00",
    "review_count": 120
  }
},
{
  "model": "treatments.treatment",
  "pk": 47,
  "fields": {
    "name": "Abhyanga",
    "slug": "abhyanga",
    "description": "Therapeutic Ayurvedic massage with herbal oils.",
    "category": 3,
    "duration": "5-7 days",
    "anesthesia_type": "General",
    "recovery_time": "2-3 weeks",
    "procedure_details": "This treatment involves a comprehensive approach to address your medical condition with the latest techniques and technology. The procedure is performed by highly qualified specialists in state-of-the-art facilities.",
    "preparation_guidelines": "Consult your doctor,Stop certain medications,Complete medical tests,Fast before procedure",
    "aftercare_instructions": "Rest and recovery period,Medication schedule,Follow-up appointments,Activity restrictions",
    "starting_price": "80.00",
    "review_count": 120
  }
},
{
  "model": "treatments.treatment",
  "pk": 48,
  "fields": {
    "name": "Shirodhara",
    "slug": "shirodhara",
    "description": "Ayurvedic therapy involving continuous pouring of warm oil on the forehead.",
    "category": 3,
    "duration": "5-7 days",
    "anesthesia_type": "General",
    "recovery_time": "2-3 weeks",
    "procedure_details": "This treatment involves a comprehensive approach to address your medical condition with the latest techniques and technology. The procedure is performed by highly qualified specialists in state-of-the-art facilities.",
    "preparation_guidelines": "Consult your doctor,Stop certain medications,Complete medical tests,Fast before procedure",
    "aftercare_instructions": "Rest and recovery period,Medication schedule,Follow-up appointments,Activity restrictions",
    "starting_price": "100.00",
    "review_count": 120
  }
},
{
  "model": "treatments.treatment",
  "pk": 49,
  "fields": {
    "name": "Yoga Retreat",
    "slug": "yoga-retreat",
    "description": "Comprehensive yoga program for physical and mental well-being.",
    "category": 25,
    "duration": "5-7 days",
    "anesthesia_type": "General",
    "recovery_time": "2-3 weeks",
    "procedure_details": "This treatment involves a comprehensive approach to address your medical condition with the latest techniques and technology. The procedure is performed by highly qualified specialists in state-of-the-art facilities.",
    "preparation_guidelines": "Consult your doctor,Stop certain medications,Complete medical tests,Fast before procedure",
    "aftercare_instructions": "Rest and recovery period,Medication schedule,Follow-up appointments,Activity restrictions",
    "starting_price": "500.00",
    "review_count": 120
  }
},
{
  "model": "treatments.treatment",
  "pk": 50,
  "fields": {
    "name": "Meditation Workshop",
    "slug": "meditation-workshop",
    "description": "Guided meditation sessions for stress relief and mindfulness.",
    "category": 26,
    "duration": "5-7 days",
    "anesthesia_type": "General",
    "recovery_time": "2-3 weeks",
    "procedure_details": "This treatment involves a comprehensive approach to address your medical condition with the latest techniques and technology. The procedure is performed by highly qualified specialists in state-of-the-art facilities.",
    "preparation_guidelines": "Consult your doctor,Stop certain medications,Complete medical tests,Fast before procedure",
    "aftercare_instructions": "Rest and recovery period,Medication schedule,Follow-up appointments,Activity restrictions",
    "starting_price": "150.00",
    "review_count": 120
  }
},
{
  "model": "treatments.treatment",
  "pk": 51,
  "fields": {
    "name": "Weight Loss Program",
    "slug": "weight-loss-program",
    "description": "Comprehensive program for sustainable weight loss and healthy lifestyle.",
    "category": 28,
    "duration": "5-7 days",
    "anesthesia_type": "General",
    "recovery_time": "2-3 weeks",
    "procedure_details": "This treatment involves a comprehensive approach to address your medical condition with the latest techniques and technology. The procedure is performed by highly qualified specialists in state-of-the-art facilities.",
    "preparation_guidelines": "Consult your doctor,Stop certain medications,Complete medical tests,Fast before procedure",
    "aftercare_instructions": "Rest and recovery period,Medication schedule,Follow-up appointments,Activity restrictions",
    "starting_price": "800.00",
    "review_count": 120
  }
},
{
  "model": "treatments.treatmentfaq",
  "pk": 1,
  "fields": {
    "treatment": 1,
    "question": "What should I expect during this treatment?",
    "answer": "This treatment typically involves several stages including consultation, preparation, the procedure itself, and recovery. Your medical team will guide you through each step.",
    "order": 1
  }
},
{
  "model": "treatments.treatmentfaq",
  "pk": 2,
  "fields": {
    "treatment": 1,
    "question": "How long is the recovery period?",
    "answer": "Recovery time varies by individual, but most patients can expect to return to normal activities within 2-3 weeks.",
    "order": 2
  }
},
{
  "model": "treatments.treatmentfaq",
  "pk": 3,
  "fields": {
    "treatment": 1,
    "question": "What are the risks associated with this treatment?",
    "answer": "Like any medical procedure, this treatment carries some risks. Your doctor will discuss all potential risks and benefits with you during your consultation.",
    "order": 3
  }
},
{
  "model": "treatments.treatmentfaq",
  "pk": 5,
  "fields": {
    "treatment": 6,
    "question": "How long does the CABG surgery take?",
    "answer": "The surgery typically takes 3-6 hours depending on the complexity and number of bypasses required.",
    "order": 1
  }
},
{
  "model": "treatments.treatmentfaq",
  "pk": 6,
  "fields": {
    "treatment": 6,
    "question": "What is the success rate for CABG surgery?",
    "answer": "CABG has a high success rate of over 95% with most patients experiencing significant improvement in symptoms.",
    "order": 2
  }
},
{
  "model": "treatments.treatmentfaq",
  "pk": 7,
  "fields": {
    "treatment": 7,
    "question": "How long do knee replacements last?",
    "answer": "Modern knee replacements typically last 15-20 years, with many patients experiencing longer durability.",
    "order": 1
  }
},
{
  "model": "treatments.treatmentfaq",
  "pk": 8,
  "fields": {
    "treatment": 7,
    "question": "When can I resume normal activities after knee replacement?",
    "answer": "Most patients can walk with assistance within 24 hours after surgery and resume normal daily activities within 3-6 weeks.",
    "order": 2
  }
},
{
  "model": "hospitals.hospital",
  "pk": 1,
  "fields": {
    "name": "City Care Hospital",
    "slug": "city-care-hospital",
    "country": 1,
    "state": 1,
    "city": "PUNE",
    "address": "Flat No. 25 SMURTI SHILP BUILDING KADAMWAK HAVELI, Kadam Wasti",
    "about": "Multi-speciality hospital.",
    "rating": "4.50",
    "starting_price": "5000.00",
    "is_takeopinion_choice": true,
    "phone": "08851619647",
    "email": "saklanisahil2@gmail.com",
    "website": "http://www.google.com",
    "established_year": 1998,
    "beds_count": 456,
    "staff_count": 1000,
    "departments_count": 500,
    "awards_count": 50,
    "jci_accredited": true,
    "nabh_accredited": true,
    "iso_certified": true,
    "profile_picture": "https://assets.bajajfinservhealth.in/media/doctorprofilepic/1659068173938_HospitalFacilityImages_8e97ac02-2e82-4d90-b884-03e9cff050ca-w800-h800.webp",
    "treatments": [
      1,
      2
    ]
  }
},
{
  "model": "hospitals.hospital",
  "pk": 2,
  "fields": {
    "name": "Green Wellness Center",
    "slug": "green-wellness-center",
    "country": 1,
    "state": 2,
    "city": "",
    "address": "",
    "about": "Wellness and Ayurveda center.",
    "rating": "4.50",
    "starting_price": "5000.00",
    "is_takeopinion_choice": true,
    "phone": "",
    "email": "",
    "website": "",
    "established_year": null,
    "beds_count": null,
    "staff_count": null,
    "departments_count": null,
    "awards_count": null,
    "jci_accredited": false,
    "nabh_accredited": false,
    "iso_certified": false,
    "profile_picture": "https://img.athleticbusiness.com/files/base/abmedia/all/image/projects/2014/02/gallery/slideshow/017A-613-AB_Akron.jpg?auto=format%2Ccompress&dpr=2&fit=crop&h=586&q=70&w=879",
    "treatments": [
      3
    ]
  }
},
{
  "model": "hospitals.hospital",
  "pk": 3,
  "fields": {
    "name": "City Medical Center Test",
    "slug": "city-medical-center-test",
    "country": null,
    "state": null,
    "city": "",
    "address": "",
    "about": "Leading hospital for orthopedic treatments",
    "rating": "4.50",
    "starting_price": "5000.00",
    "is_takeopinion_choice": false,
    "phone": "",
    "email": "",
    "website": "",
    "established_year": null,
    "beds_count": null,
    "staff_count": null,
    "departments_count": null,
    "awards_count": null,
    "jci_accredited": false,
    "nabh_accredited": false,
    "iso_certified": false,
    "profile_picture": "https://www.ehs.gov.ae/images/41b3fd10/full/jpg.aspx",
    "treatments": []
  }
},
{
  "model": "hospitals.hospital",
  "pk": 4,
  "fields": {
    "name": "Apollo Hospital",
    "slug": "apollo-hospital",
    "country": 1,
    "state": 4,
    "city": "Delhi",
    "address": "123 Medical Plaza",
    "about": "Apollo Hospitals is a leading healthcare institution with state-of-the-art facilities and a commitment to providing exceptional patient care.",
    "rating": "4.50",
    "starting_price": "5000.00",
    "is_takeopinion_choice": true,
    "phone": "+91 11 2345 6789",
    "email": "info@apollohospital.com",
    "website": "https://www.apollohospitals.com",
    "established_year": 1983,
    "beds_count": 500,
    "staff_count": 1200,
    "departments_count": 35,
    "awards_count": 25,
    "jci_accredited": true,
    "nabh_accredited": true,
    "iso_certified": true,
    "profile_picture": "https://upload.wikimedia.org/wikipedia/commons/d/dc/Apollo_Hospital_Indraprastha.jpg",
    "treatments": [
      1,
      2,
      3,
      7,
      8
    ]
  }
},
{
  "model": "hospitals.hospital",
  "pk": 5,
  "fields": {
    "name": "MediCare Heart Institute",
    "slug": "medicare-heart-institute-fixture",
    "country": 1,
    "state": 1,
    "city": "Mumbai",
    "address": "123 Medical Plaza, Mumbai, MH 400001",
    "about": "A leading cardiac care center specializing in advanced heart treatments and minimally invasive procedures.",
    "rating": "4.80",
    "starting_price": "25000.00",
    "is_takeopinion_choice": true,
    "phone": "+91-22-5555-0123",
    "email": "info@medicareheart.in",
    "website": "https://www.medicareheart.in",
    "established_year": 1995,
    "beds_count": 150,
    "staff_count": 300,
    "departments_count": 12,
    "awards_count": 15,
    "jci_accredited": true,
    "nabh_accredited": true,
    "iso_certified": true,
    "profile_picture": "https://images.unsplash.com/photo-1519494026892-80bbd2d6fd0d?ixlib=rb-4.0.3&ixid=M3wxMjA3fDB8MHxwaG90by1wYWdlfHx8fGVufDB8fHx8fA%3D%3D&auto=format&fit=crop&w=1200&q=80",
    "treatments": [
      6
    ]
  }
},
{
  "model": "hospitals.hospital",
  "pk": 6,
  "fields": {
    "name": "OrthoPlus Joint Center",
    "slug": "orthoplus-joint-center-fixture",
    "country": 1,
    "state": 2,
    "city": "Bangalore",
    "address": "456 Orthopedic Drive, Bangalore, KA 560001",
    "about": "Specialized orthopedic hospital with state-of-the-art facilities for joint replacement and sports medicine.",
    "rating": "4.70",
    "starting_price": "18000.00",
    "is_takeopinion_choice": true,
    "phone": "+91-80-5555-0456",
    "email": "contact@orthoplus.in",
    "website": "https://www.orthoplus.in",
    "established_year": 2002,
    "beds_count": 120,
    "staff_count": 250,
    "departments_count": 8,
    "awards_count": 12,
    "jci_accredited": true,
    "nabh_accredited": true,
    "iso_certified": true,
    "profile_picture": "https://content3.jdmagicbox.com/comp/ranchi/k9/0651px651.x651.130131001501.h6k9/catalogue/orthoplus-hospital-ranchi-1wqpsspbuj.jpg",
    "treatments": [
      2,
      3,
      4,
      5,
      7,
      25,
      26,
      27,
      28,
      29,
      44,
      47,
      49,
      50,
      51
    ]
  }
},
{
  "model": "hospitals.hospital",
  "pk": 7,
  "fields": {
    "name": "Aesthetic Beauty Clinic",
    "slug": "aesthetic-beauty-clinic-fixture",
    "country": 1,
    "state": 1,
    "city": "Delhi",
    "address": "789 Beauty Avenue, Delhi, DL 110001",
    "about": "Premium cosmetic surgery and dermatology clinic offering a wide range of aesthetic treatments.",
    "rating": "4.60",
    "starting_price": "2500.00",
    "is_takeopinion_choice": false,
    "phone": "+91-11-5555-0789",
    "email": "info@aestheticbeauty.in",
    "website": "https://www.aestheticbeauty.in",
    "established_year": 2010,
    "beds_count": 30,
    "staff_count": 80,
    "departments_count": 4,
    "awards_count": 8,
    "jci_accredited": false,
    "nabh_accredited": true,
    "iso_certified": true,
    "profile_picture": "https://www.ayeshabashirhospital.com/userfiles/theme/files/image-20230920195604-1.jpeg",
    "treatments": [
      3,
      4,
      5,
      6,
      8,
      9,
      22,
      23,
      24,
      25,
      26,
      27,
      28,
      36,
      37,
      38,
      39,
      47,
      48,
      49,
      50,
      51
    ]
  }
},
{
  "model": "hospitals.hospital",
  "pk": 8,
  "fields": {
    "name": "Wellness Health Hub",
    "slug": "wellness-health-hub-fixture",
    "country": 1,
    "state": 2,
    "city": "Kochi",
    "address": "321 Wellness Street, Kochi, KL 682011",
    "about": "Comprehensive wellness center offering preventive healthcare and executive health checkups.",
    "rating": "4.50",
    "starting_price": "1200.00",
    "is_takeopinion_choice": true,
    "phone": "+91-484-5555-0321",
    "email": "care@wellnesshub.in",
    "website": "https://www.wellnesshub.in",
    "established_year": 2015,
    "beds_count": 50,
    "staff_count": 120,
    "departments_count": 6,
    "awards_count": 5,
    "jci_accredited": false,
    "nabh_accredited": true,
    "iso_certified": true,
    "profile_picture": "https://images.unsplash.com/photo-1519494026892-80bbd2d6fd0d?ixlib=rb-4.0.3&ixid=M3wxMjA3fDB8MHxwaG90by1wYWdlfHx8fGVufDB8fHx8fA%3D%3D&auto=format&fit=crop&w=1200&q=80",
    "treatments": [
      10
    ]
  }
},
{
  "model": "hospitals.hospital",
  "pk": 10,
  "fields": {
    "name": "Fortis Healthcare",
    "slug": "fortis-healthcare",
    "country": 1,
    "state": 4,
    "city": "Delhi",
    "address": "",
    "about": "Comprehensive healthcare provider with multiple facilities across India, known for cardiac and orthopedic care.",
    "rating": "4.60",
    "starting_price": "4500.00",
    "is_takeopinion_choice": true,
    "phone": "+91 11 2345 6789",
    "email": "info@fortishealthcare.com",
    "website": "https://www.fortishealthcare.com",
    "established_year": 1996,
    "beds_count": 500,
    "staff_count": 900,
    "departments_count": 40,
    "awards_count": 120,
    "jci_accredited": true,
    "nabh_accredited": true,
    "iso_certified": true,
    "profile_picture": "https://content.jdmagicbox.com/v2/comp/delhi/96/011p61696/catalogue/fortis-hospital-faridabad-faridabad-nit-faridabad-hospitals-2k046bs.jpg",
    "treatments": [
      1,
      2,
      3,
      4,
      6,
      7,
      8,
      9,
      10,
      16,
      17,
      18,
      19,
      20,
      21,
      22,
      23,
      24,
      25,
      26,
      27,
      28,
      29,
      30,
      31,
      32,
      33,
      34,
      35,
      36,
      37,
      38,
      39,
      40,
      41,
      42,
      43,
      44,
      45,
      46,
      47,
      48,
      49,
      50,
      51
    ]
  }
},
{
  "model": "hospitals.hospital",
  "pk": 20,
  "fields": {
    "name": "KPJ Healthcare",
    "slug": "kpj-healthcare",
    "country": 6,
    "state": 13,
    "city": "Kuala Lumpur",
    "address": "",
    "about": "Leading private healthcare provider in Malaysia with multiple specialized centers and international accreditations.",
    "rating": "4.60",
    "starting_price": "3300.00",
    "is_takeopinion_choice": true,
    "phone": "+60 3 1234 5678",
    "email": "info@kpjhealthcare.com",
    "website": "https://www.kpjhealthcare.com",
    "established_year": 1997,
    "beds_count": 300,
    "staff_count": 550,
    "departments_count": 28,
    "awards_count": 65,
    "jci_accredited": true,
    "nabh_accredited": false,
    "iso_certified": true,
    "profile_picture": "https://cdn.eduadvisor.my/institution/kpju/2025/04/kpj-header-image.webp",
    "treatments": [
      19,
      33,
      37,
      47,
      50
    ]
  }
},
{
  "model": "hospitals.hospital",
  "pk": 21,
  "fields": {
    "name": "Gleneagles Hospital",
    "slug": "gleneagles-hospital",
    "country": 6,
    "state": 14,
    "city": "Penang",
    "address": "",
    "about": "Internationally accredited hospital offering comprehensive medical services with advanced diagnostic and treatment facilities.",
    "rating": "4.50",
    "starting_price": "3700.00",
    "is_takeopinion_choice": false,
    "phone": "+60 4 234 5678",
    "email": "info@gleneaglespenang.com",
    "website": "https://www.gleneaglespenang.com",
    "established_year": 1995,
    "beds_count": 250,
    "staff_count": 450,
    "departments_count": 22,
    "awards_count": 55,
    "jci_accredited": true,
    "nabh_accredited": false,
    "iso_certified": true,
    "profile_picture": "https://worldsbesthospitals.net/wp-content/uploads/2016/11/gleneagles-hospital.jpg",
    "treatments": [
      6,
      7,
      8,
      9,
      16,
      25,
      34,
      36,
      39,
      40,
      41,
      42,
      43,
      44,
      48,
      50,
      51
    ]
  }
},
{
  "model": "hospitals.hospital",
  "pk": 24,
  "fields": {
    "name": "Indraprastha Apollo Hospitals",
    "slug": "indraprastha-apollo-hospitals",
    "country": 1,
    "state": 4,
    "city": "Delhi",
    "address": "",
    "about": "Flagship hospital of Apollo Hospitals group with comprehensive medical services and cutting-edge technology.",
    "rating": "4.70",
    "starting_price": "5300.00",
    "is_takeopinion_choice": true,
    "phone": "+91 11 5566 7788",
    "email": "info@indraprasthaapollo.com",
    "website": "https://www.indraprasthaapollo.com",
    "established_year": 1995,
    "beds_count": 680,
    "staff_count": 1150,
    "departments_count": 42,
    "awards_count": 125,
    "jci_accredited": true,
    "nabh_accredited": true,
    "iso_certified": true,
    "profile_picture": "https://static.medigence.com/uploads/hospital/images/1743572330_ee6772310d4b579ccdc4.jpg",
    "treatments": [
      3,
      8,
      9,
      10,
      16,
      17,
      18,
      28,
      29,
      33,
      34,
      44,
      45,
      49,
      51
    ]
  }
},
{
  "model": "hospitals.hospital",
  "pk": 25,
  "fields": {
    "name": "Global Hospitals",
    "slug": "global-hospitals",
    "country": 1,
    "state": 7,
    "city": "Chennai",
    "address": "",
    "about": "Multi-specialty hospital with advanced medical technology and specialized centers for cardiac, oncology, and orthopedic care.",
    "rating": "4.50",
    "starting_price": "4600.00",
    "is_takeopinion_choice": false,
    "phone": "+91 44 2345 6789",
    "email": "info@globalhospitalsindia.com",
    "website": "https://www.globalhospitalsindia.com",
    "established_year": 2000,
    "beds_count": 550,
    "staff_count": 950,
    "departments_count": 38,
    "awards_count": 85,
    "jci_accredited": true,
    "nabh_accredited": true,
    "iso_certified": true,
    "profile_picture": "https://content.jdmagicbox.com/comp/ahmedabad/t6/079pxx79.xx79.110107165952.a6t6/catalogue/global-hospitals-information-and-telemedicine-centre-satellite-ahmedabad-hospitals-ao4p4.jpg",
    "treatments": [
      1,
      2,
      3,
      4,
      6,
      7,
      8,
      9,
      10,
      16,
      17,
      18,
      19,
      20,
      21,
      22,
      23,
      24,
      25,
      26,
      27,
      28,
      29,
      30,
      31,
      32,
      33,
      34,
      35,
      36,
      37,
      38,
      39,
      40,
      41,
      42,
      43,
      44,
      45,
      46,
      47,
      48,
      49,
      50,
      51
    ]
  }
},
{
  "model": "hospitals.hospitalmedia",
  "pk": 2,
  "fields": {
    "hospital": 2,
    "image_url": "https://img.athleticbusiness.com/files/base/abmedia/all/image/projects/2014/02/gallery/slideshow/017A-613-AB_Akron.jpg?auto=format%2Ccompress&dpr=2&fit=crop&h=586&q=70&w=879"
  }
},
{
  "model": "hospitals.hospitalmedia",
  "pk": 9,
  "fields": {
    "hospital": 4,
    "image_url": "https://upload.wikimedia.org/wikipedia/commons/d/dc/Apollo_Hospital_Indraprastha.jpg"
  }
},
{
  "model": "hospitals.hospitalmedia",
  "pk": 10,
  "fields": {
    "hospital": 4,
    "image_url": "https://rawahealth.com/wp-content/uploads/2023/03/int-apollo-hospitals-delhi.jpg"
  }
},
{
  "model": "hospitals.hospitalmedia",
  "pk": 11,
  "fields": {
    "hospital": 4,
    "image_url": "https://safartibbi.com/wp-content/uploads/2024/05/apollo.jpg"
  }
},
{
  "model": "hospitals.hospitalmedia",
  "pk": 15,
  "fields": {
    "hospital": 1,
    "image_url": "https://assets.bajajfinservhealth.in/media/doctorprofilepic/1659068173938_HospitalFacilityImages_8e97ac02-2e82-4d90-b884-03e9cff050ca-w800-h800.webp"
  }
},
{
  "model": "hospitals.hospitalmedia",
  "pk": 16,
  "fields": {
    "hospital": 1,
    "image_url": "https://content3.jdmagicbox.com/v2/comp/delhi/k1/011pxx11.xx11.200630195726.x5k1/catalogue/city-care-hospital-najafgarh-delhi-hospitals-tdy0prqdxe.jpg"
  }
},
{
  "model": "hospitals.hospitalmedia",
  "pk": 17,
  "fields": {
    "hospital": 1,
    "image_url": "https://encrypted-tbn0.gstatic.com/images?q=tbn:ANd9GcTNPBgk32PIXe1SUiR7NZwP4lx6BBOYEG_nJA&s"
  }
},
{
  "model": "hospitals.hospitalmedia",
  "pk": 18,
  "fields": {
    "hospital": 2,
    "image_url": "https://img.athleticbusiness.com/files/base/abmedia/all/image/projects/2014/02/gallery/slideshow/17_04AGHWC-Green.jpg?auto=format%2Ccompress&dpr=2&fit=crop&h=586&q=70&w=879"
  }
},
{
  "model": "hospitals.hospitalmedia",
  "pk": 19,
  "fields": {
    "hospital": 3,
    "image_url": "https://www.ehs.gov.ae/images/41b3fd10/full/jpg.aspx"
  }
},
{
  "model": "hospitals.hospitalmedia",
  "pk": 20,
  "fields": {
    "hospital": 3,
    "image_url": "https://upload.wikimedia.org/wikipedia/commons/1/19/The_Medical_City_clinic.jpg"
  }
},
{
  "model": "hospitals.hospitalmedia",
  "pk": 21,
  "fields": {
    "hospital": 1,
    "image_url": "https://picsum.photos/seed/h1/600/400"
  }
},
{
  "model": "hospitals.hospitalmedia",
  "pk": 22,
  "fields": {
    "hospital": 2,
    "image_url": "https://picsum.photos/seed/h2/600/400"
  }
},
{
  "model": "hospitals.hospitalmedia",
  "pk": 23,
  "fields": {
    "hospital": 5,
    "image_url": "https://ppal.co.in/wp-content/uploads/2023/12/Picture31-scaled-1.jpg"
  }
},
{
  "model": "hospitals.hospitalmedia",
  "pk": 25,
  "fields": {
    "hospital": 10,
    "image_url": "https://content.jdmagicbox.com/v2/comp/delhi/96/011p61696/catalogue/fortis-hospital-faridabad-faridabad-nit-faridabad-hospitals-2k046bs.jpg"
  }
},
{
  "model": "hospitals.hospitalmedia",
  "pk": 35,
  "fields": {
    "hospital": 20,
    "image_url": "https://cdn.eduadvisor.my/institution/kpju/2025/04/kpj-header-image.webp"
  }
},
{
  "model": "hospitals.hospitalmedia",
  "pk": 36,
  "fields": {
    "hospital": 21,
    "image_url": "https://worldsbesthospitals.net/wp-content/uploads/2016/11/gleneagles-hospital.jpg"
  }
},
{
  "model": "hospitals.hospitalmedia",
  "pk": 39,
  "fields": {
    "hospital": 24,
    "image_url": "https://static.medigence.com/uploads/hospital/images/1743572330_ee6772310d4b579ccdc4.jpg"
  }
},
{
  "model": "hospitals.hospitalmedia",
  "pk": 40,
  "fields": {
    "hospital": 25,
    "image_url": "https://content.jdmagicbox.com/comp/ahmedabad/t6/079pxx79.xx79.110107165952.a6t6/catalogue/global-hospitals-information-and-telemedicine-centre-satellite-ahmedabad-hospitals-ao4p4.jpg"
  }
},
{
  "model": "hospitals.hospitalmedia",
  "pk": 44,
  "fields": {
    "hospital": 25,
    "image_url": "https://yapita-production.s3.ap-south-1.amazonaws.com/uploads/facility_photo/photo/3c681ba5-48a3-41d4-973f-e68db3447926/best-hospitals-mumbai.jpg"
  }
},
{
  "model": "hospitals.hospitalmedia",
  "pk": 45,
  "fields": {
    "hospital": 25,
    "image_url": "https://images.jdmagicbox.com/v2/comp/delhi/k5/011pxx11.xx11.130831175656.d1k5/catalogue/global-hospital-dwarka-sector-8-delhi-hospitals-5cwtb.jpg"
  }
},
{
  "model": "hospitals.hospitalmedia",
  "pk": 46,
  "fields": {
    "hospital": 6,
    "image_url": "https://content3.jdmagicbox.com/comp/ranchi/k9/0651px651.x651.130131001501.h6k9/catalogue/orthoplus-hospital-ranchi-1wqpsspbuj.jpg"
  }
},
{
  "model": "hospitals.hospitalmedia",
  "pk": 47,
  "fields": {
    "hospital": 7,
    "image_url": "https://www.ayeshabashirhospital.com/userfiles/theme/files/image-20230920195604-1.jpeg"
  }
},
{
  "model": "doctors.doctor",
  "pk": 1,
  "fields": {
    "name": "Dr. Arjun Mehta",
    "slug": "dr-arjun-mehta",
    "specialization": "MBBS",
    "key_points": "Expert in knee and hip replacement surgeries, Sports injury specialist, Patient-centered approach",
    "about": "Dr. Arjun Mehta is a highly qualified orthopedic surgeon with extensive experience in joint replacement and sports injury treatment. With over 12 years of practice, he has successfully treated numerous patients and contributed to advancing medical knowledge in his area of expertise.",
    "education": "MBBS, MS Orthopedics",
    "experience_years": 12,
    "awards": "Bharat ratana AWard",
    "phone": "08851619647",
    "email": "saklanisahil2@gmail.com",
    "website": "https://www.apollohospitals.com/doctors/arjun-mehta",
    "rating": "4.80",
    "review_count": 120,
    "medical_license_number": "MED123456789",
    "languages_spoken": "English, Hindi, Marathi",
    "profile_picture": "https://posicon2023.posi.in/images/logo_client/1892928888_Dr.%20Arjun%20Dhawale.jpg",
    "treatments": [
      1,
      2,
      3,
      4,
      5
    ],
    "hospitals": [
      1,
      4
    ]
  }
},
{
  "model": "doctors.doctor",
  "pk": 2,
  "fields": {
    "name": "Dr. Sara Kapoor",
    "slug": "dr-sara-kapoor",
    "specialization": "",
    "key_points": "Cosmetic surgeon",
    "about": "",
    "education": "MCh Plastic",
    "experience_years": 9,
    "awards": "",
    "phone": "",
    "email": "",
    "website": "",
    "rating": "0.00",
    "review_count": 0,
    "medical_license_number": "",
    "languages_spoken": "",
    "profile_picture": "https://media.licdn.com/dms/image/v2/D5603AQGmt6J79Ko7Ng/profile-displayphoto-scale_200_200/B56ZiIZdRgHMAg-/0/1754635033109?e=2147483647&v=beta&t=a4TwGaxBKUEuDYfg0LybDIUdoa8vMV-BKbFdsbXrH08",
    "treatments": [
      2
    ],
    "hospitals": [
      1
    ]
  }
},
{
  "model": "doctors.doctor",
  "pk": 3,
  "fields": {
    "name": "Dr. Smith singh",
    "slug": "dr-smith-test",
    "specialization": "Orthopedic Surgeon",
    "key_points": "Orthopedic Specialist with 15 years experience",
    "about": "",
    "education": "",
    "experience_years": 12,
    "awards": "bharat ratana",
    "phone": "",
    "email": "",
    "website": "",
    "rating": "0.00",
    "review_count": 0,
    "medical_license_number": "45412",
    "languages_spoken": "",
    "profile_picture": "https://www.gardensspine.com/wp-content/uploads/2025/05/Chiropractor-Palm-Beach-Gardens-FL-Seth-Smith-Meet-The-Team.webp",
    "treatments": [
      1,
      2,
      3,
      4,
      5,
      6
    ],
    "hospitals": [
      1
    ]
  }
},
{
  "model": "doctors.doctor",
  "pk": 9,
  "fields": {
    "name": "Dr. Ramesh Sharma",
    "slug": "dr-ramesh-sharma",
    "specialization": "Orthopedic Surgeon",
    "key_points": "20+ years experience in joint replacement surgeries",
    "about": "Dr. Sharma is a renowned orthopedic surgeon with extensive experience in knee and hip replacement surgeries. He has performed over 2000 successful joint replacement procedures.",
    "education": "MBBS, MS Orthopedics, Fellowship in Joint Replacement",
    "experience_years": 22,
    "awards": "",
    "phone": "+91 98765 43210",
    "email": "dr.sharma@apollohospitals.com",
    "website": "https://www.apollohospitals.com/doctors/ramesh-sharma",
    "rating": "4.90",
    "review_count": 350,
    "medical_license_number": "MED12345",
    "languages_spoken": "English, Hindi, Marathi",
    "profile_picture": "https://parashospitals-web.s3.ap-south-1.amazonaws.com/doctor-lists/May2024/PK-PAN-01530.jpg",
    "treatments": [
      1,
      2,
      3,
      4,
      6,
      7,
      17,
      18,
      19,
      20,
      21,
      22,
      23,
      24,
      25,
      26,
      32,
      33
    ],
    "hospitals": [
      3,
      5,
      8,
      10,
      20
    ]
  }
},
{
  "model": "doctors.doctor",
  "pk": 10,
  "fields": {
    "name": "Dr. Priya Patel",
    "slug": "dr-priya-patel",
    "specialization": "Cardiac Surgeon",
    "key_points": "Expert in minimally invasive cardiac procedures",
    "about": "Dr. Patel is a leading cardiac surgeon specializing in minimally invasive procedures. She has pioneered several new techniques in heart surgery with faster recovery times.",
    "education": "MBBS, MS General Surgery, MCh Cardiothoracic Surgery",
    "experience_years": 18,
    "awards": "",
    "phone": "+91 98765 43211",
    "email": "dr.patel@fortishealthcare.com",
    "website": "https://www.fortishealthcare.com/doctors/priya-patel",
    "rating": "4.80",
    "review_count": 280,
    "medical_license_number": "MED23456",
    "languages_spoken": "English, Hindi, Gujarati",
    "profile_picture": "https://permanente.net/pmdb/photosync/0310766_photoweb.jpg",
    "treatments": [
      8,
      9,
      10,
      16,
      17,
      18,
      19,
      20,
      21,
      22,
      23,
      44,
      45,
      46
    ],
    "hospitals": [
      2,
      3,
      20
    ]
  }
},
{
  "model": "doctors.doctor",
  "pk": 11,
  "fields": {
    "name": "Dr. Ahmed Khan",
    "slug": "dr-ahmed-khan",
    "specialization": "Neurosurgeon",
    "key_points": "Specialist in brain tumor removal and spinal surgeries",
    "about": "Dr. Khan is a highly skilled neurosurgeon with expertise in complex brain and spinal surgeries. He has successfully treated over 1500 patients with various neurological conditions.",
    "education": "MBBS, MS General Surgery, MCh Neurosurgery",
    "experience_years": 20,
    "awards": "",
    "phone": "+91 98765 43212",
    "email": "dr.khan@maxhealthcare.com",
    "website": "https://www.maxhealthcare.com/doctors/ahmed-khan",
    "rating": "4.90",
    "review_count": 320,
    "medical_license_number": "MED34567",
    "languages_spoken": "English, Hindi, Urdu",
    "profile_picture": "https://mmckp.gov.pk/assets/uploads/3a6f6-dr_ahmad.png",
    "treatments": [
      1,
      2,
      7,
      8,
      9,
      10,
      21,
      22,
      23,
      28,
      31,
      32,
      35,
      36,
      39,
      41,
      44,
      48,
      50,
      51
    ],
    "hospitals": [
      2,
      3,
      5,
      8,
      10,
      20,
      24,
      25
    ]
  }
},
{
  "model": "doctors.doctor",
  "pk": 13,
  "fields": {
    "name": "Dr. Rajesh Gupta",
    "slug": "dr-rajesh-gupta",
    "specialization": "Plastic Surgeon",
    "key_points": "Renowned for rhinoplasty and facial reconstruction",
    "about": "Dr. Gupta is a distinguished plastic surgeon with expertise in facial plastic surgery, rhinoplasty, and reconstructive procedures. He has won several awards for his artistic approach to cosmetic surgery.",
    "education": "MBBS, MS General Surgery, MCh Plastic Surgery",
    "experience_years": 19,
    "awards": "",
    "phone": "+91 98765 43214",
    "email": "dr.gupta@medanta.org",
    "website": "https://www.medanta.org/doctors/rajesh-gupta",
    "rating": "4.80",
    "review_count": 420,
    "medical_license_number": "MED56789",
    "languages_spoken": "English, Hindi",
    "profile_picture": "https://max-website20-images.s3.ap-south-1.amazonaws.com/Dr_Rajesh_Prasad_Gupta_49fa26d993.jpg",
    "treatments": [
      2,
      4,
      6,
      7,
      8,
      16,
      18,
      22,
      26,
      29,
      34,
      35,
      41,
      42,
      44,
      45,
      47,
      50,
      51
    ],
    "hospitals": [
      1,
      3,
      8,
      10,
      21
    ]
  }
},
{
  "model": "doctors.doctor",
  "pk": 17,
  "fields": {
    "name": "Dr. Maria Gonzalez",
    "slug": "dr-maria-gonzalez",
    "specialization": "Gynecologist",
    "key_points": "Specialist in minimally invasive gynecological surgeries",
    "about": "Dr. Gonzalez is a leading gynecologist with expertise in minimally invasive procedures for various gynecological conditions. She focuses on patient-centered care and holistic treatment approaches.",
    "education": "MD, Gynecology and Obstetrics, Fellowship in Minimally Invasive Gynecologic Surgery",
    "experience_years": 18,
    "awards": "",
    "phone": "+52 55 1234 5678",
    "email": "dr.gonzalez@angeleschihuahua.com",
    "website": "https://www.angeleschihuahua.com/doctors/maria-gonzalez",
    "rating": "4.80",
    "review_count": 270,
    "medical_license_number": "MED90123",
    "languages_spoken": "English, Spanish",
    "profile_picture": "https://farmacosalud.com/wp-content/uploads/2018/07/Doctora-Mar%C3%ADa-Gonz%C3%A1lez-Cao-scaled.jpg",
    "treatments": [
      1,
      2,
      4,
      6,
      7,
      10,
      16,
      20,
      21,
      24,
      25,
      26,
      27,
      30,
      31,
      32,
      33,
      34,
      35,
      41,
      42,
      43,
      47,
      48,
      49
    ],
    "hospitals": [
      3,
      5,
      8,
      10,
      20,
      21,
      24,
      25
    ]
  }
},
{
  "model": "doctors.doctor",
  "pk": 20,
  "fields": {
    "name": "Dr. Kavita Desai",
    "slug": "dr-kavita-desai",
    "specialization": "Pediatric Surgeon",
    "key_points": "Expert in neonatal and pediatric surgical procedures",
    "about": "Dr. Desai is a renowned pediatric surgeon with extensive experience in neonatal and complex pediatric surgical procedures. She has treated over 2000 pediatric cases with exceptional care.",
    "education": "MBBS, MS General Surgery, MCh Pediatric Surgery",
    "experience_years": 17,
    "awards": "",
    "phone": "+91 98765 43221",
    "email": "dr.desai@kokilabenhospital.com",
    "website": "https://www.kokilabenhospital.com/doctors/kavita-desai",
    "rating": "4.90",
    "review_count": 260,
    "medical_license_number": "MED22334",
    "languages_spoken": "English, Hindi, Marathi",
    "profile_picture": "https://bengaluru.nmims.edu/images/Dr.%20Kavitha%20Desai.png",
    "treatments": [
      1,
      3,
      6,
      7,
      8,
      24,
      25,
      26,
      28,
      31,
      32,
      34,
      38,
      40,
      43,
      44,
      45,
      46,
      50
    ],
    "hospitals": [
      1,
      2,
      5,
      8,
      10,
      21,
      24
    ]
  }
},
{
  "model": "doctors.doctor",
  "pk": 24,
  "fields": {
    "name": "Dr. Niranjan Kumar",
    "slug": "dr-niranjan-kumar",
    "specialization": "Gastroenterologist",
    "key_points": "Expert in endoscopic procedures and liver diseases",
    "about": "Dr. Kumar is a renowned gastroenterologist specializing in advanced endoscopic procedures and treatment of complex liver diseases. He has contributed to several research papers in gastroenterology.",
    "education": "MBBS, MD Internal Medicine, DM Gastroenterology",
    "experience_years": 18,
    "awards": "",
    "phone": "+91 98765 43225",
    "email": "dr.kumar@globalhospitals.com",
    "website": "https://www.globalhospitals.com/doctors/niranjan-kumar",
    "rating": "4.80",
    "review_count": 280,
    "medical_license_number": "MED66778",
    "languages_spoken": "English, Hindi, Tamil",
    "profile_picture": "https://content.jdmagicbox.com/v2/comp/chennai/i8/044pxx44.xx44.170629070220.q5i8/catalogue/dr-niranjan-kumar-m-v-kkr-ent-hospital-and-research-institute-kilpauk-chennai-ent-doctors-3u0cbwv.jpg",
    "treatments": [
      2,
      3,
      4,
      6,
      16,
      18,
      19,
      20,
      21,
      23,
      25,
      28,
      32,
      38,
      39,
      41,
      45,
      46,
      47,
      48,
      49
    ],
    "hospitals": [
      5,
      8,
      10
    ]
  }
},
{
  "model": "doctors.doctor",
  "pk": 25,
  "fields": {
    "name": "Dr. Preecha Srisuwan",
    "slug": "dr-preecha-srisuwan",
    "specialization": "Dental Surgeon",
    "key_points": "Specialist in implantology and cosmetic dentistry",
    "about": "Dr. Srisuwan is a leading dental surgeon with expertise in dental implants and advanced cosmetic dentistry procedures. He has treated patients from over 50 countries with excellent results.",
    "education": "DDS, MD Oral and Maxillofacial Surgery, Fellowship in Implantology",
    "experience_years": 17,
    "awards": "",
    "phone": "+66 82 345 6789",
    "email": "dr.srisuwan@samitivejphuket.com",
    "website": "https://www.samitivejphuket.com/doctors/preecha-srisuwan",
    "rating": "4.70",
    "review_count": 230,
    "medical_license_number": "MED77889",
    "languages_spoken": "English, Thai",
    "profile_picture": "https://www.pnu.ac.th/wp-content/uploads/2023/06/1-809x1024.jpg",
    "treatments": [
      1,
      2,
      3,
      4,
      7,
      8,
      9,
      10,
      16,
      17,
      22,
      23,
      24,
      25,
      30,
      31,
      32,
      35,
      39,
      40,
      41,
      42,
      45,
      48,
      49,
      50,
      51
    ],
    "hospitals": [
      1,
      2,
      3,
      10,
      24,
      25
    ]
  }
},
{
  "model": "doctors.doctor",
  "pk": 28,
  "fields": {
    "name": "Dr. Deepak Mehta",
    "slug": "dr-deepak-mehta",
    "specialization": "Pulmonologist",
    "key_points": "Expert in lung diseases and respiratory disorders",
    "about": "Dr. Mehta is a renowned pulmonologist specializing in complex lung diseases and respiratory disorders. He has extensive experience in treating patients with chronic respiratory conditions.",
    "education": "MBBS, MD Internal Medicine, DM Pulmonary Medicine",
    "experience_years": 20,
    "awards": "",
    "phone": "+91 98765 43230",
    "email": "dr.mehta@apollohospitals.com",
    "website": "https://www.apollohospitals.com/doctors/deepak-mehta",
    "rating": "4.70",
    "review_count": 250,
    "medical_license_number": "MED00112",
    "languages_spoken": "English, Hindi, Gujarati",
    "profile_picture": "https://www.amritaclinics.com/wp-content/uploads/2024/10/Dr-Deepak-Mehta.jpg",
    "treatments": [
      2,
      3,
      4,
      6,
      7,
      8,
      19,
      20,
      21,
      22,
      23,
      24,
      29,
      30,
      31,
      32,
      33,
      34,
      42,
      43,
      44,
      46,
      47,
      48
    ],
    "hospitals": [
      1,
      2,
      5,
      10,
      21,
      24
    ]
  }
},
{
  "model": "doctors.doctormedia",
  "pk": 1,
  "fields": {
    "doctor": 1,
    "image_url": "",
    "video_url": "https://www.youtube.com/watch?v=dQw4w9WgXcQ"
  }
},
{
  "model": "doctors.doctormedia",
  "pk": 2,
  "fields": {
    "doctor": 1,
    "image_url": "https://picsum.photos/400/300",
    "video_url": ""
  }
},
{
  "model": "doctors.doctormedia",
  "pk": 3,
  "fields": {
    "doctor": 28,
    "image_url": "https://www.amritaclinics.com/wp-content/uploads/2024/10/Dr-Deepak-Mehta.jpg",
    "video_url": ""
  }
},
{
  "model": "blogs.blogpost",
  "pk": 1,
  "fields": {
    "title": "Knee Replacement: What to Expect",
    "slug": "knee-replacement-what-to-expect",
    "content": "Pre-op, procedure, and recovery.",
    "treatment": 1,
    "doctor": 1,
    "hospital": 1,
    "is_medical_visa": false,
    "published_at": "2025-09-18T14:21:20.916Z"
  }
},
{
  "model": "blogs.blogpost",
  "pk": 2,
  "fields": {
    "title": "Medical Visa Guide for India",
    "slug": "medical-visa-guide-for-india",
    "content": "Documents, process, timelines.",
    "treatment": null,
    "doctor": null,
    "hospital": null,
    "is_medical_visa": true,
    "published_at": "2025-09-18T14:21:20.928Z"
  }
},
{
  "model": "blogs.blogpost",
  "pk": 3,
  "fields": {
    "title": "Understanding Medical Tourism",
    "slug": "understanding-medical-tourism",
    "content": "Medical tourism is a rapidly growing industry where patients travel to other countries to receive medical treatment. This comprehensive guide explains everything you need to know about medical tourism, including benefits, risks, and how to choose the right destination for your treatment.",
    "treatment": null,
    "doctor": null,
    "hospital": null,
    "is_medical_visa": false,
    "published_at": "2025-09-18T16:53:52.973Z"
  }
},
{
  "model": "blogs.blogpost",
  "pk": 4,
  "fields": {
    "title": "Top 5 Destinations for Cosmetic Surgery",
    "slug": "top-5-destinations-for-cosmetic-surgery",
    "content": "Cosmetic surgery tourism has become increasingly popular due to the significant cost savings and high-quality care available in certain countries. This article explores the top 5 destinations for cosmetic surgery, comparing costs, quality of care, and recovery facilities.",
    "treatment": null,
    "doctor": null,
    "hospital": null,
    "is_medical_visa": false,
    "published_at": "2025-09-18T16:53:52.986Z"
  }
},
{
  "model": "blogs.blogpost",
  "pk": 5,
  "fields": {
    "title": "Cure Of the Diabetes",
    "slug": "cure-of-the-diabetes",
    "content": "Less use of the Sugar\r\navoid the sugar",
    "treatment": 5,
    "doctor": 1,
    "hospital": 1,
    "is_medical_visa": true,
    "published_at": "2025-09-23T10:36:23.430Z"
  }
},
{
  "model": "blogs.blogpost",
  "pk": 6,
  "fields": {
    "title": "Knee Replacement: What to Expect Before, During, and After Surgery",
    "slug": "knee-replacement-what-to-expect-before-during-and-after-surgery",
    "content": "A comprehensive guide to knee replacement surgery, covering preparation, procedure details, recovery timeline, and tips for optimal outcomes.",
    "treatment": 1,
    "doctor": 9,
    "hospital": null,
    "is_medical_visa": false,
    "published_at": "2025-10-02T13:12:20.527Z"
  }
},
{
  "model": "blogs.blogpost",
  "pk": 7,
  "fields": {
    "title": "Understanding Heart Bypass Surgery: A Patient's Guide",
    "slug": "understanding-heart-bypass-surgery-a-patients-guide",
    "content": "Detailed information about coronary artery bypass grafting (CABG), including indications, surgical process, recovery, and long-term care.",
    "treatment": 21,
    "doctor": 10,
    "hospital": 10,
    "is_medical_visa": false,
    "published_at": "2025-10-02T13:12:20.538Z"
  }
},
{
  "model": "blogs.blogpost",
  "pk": 8,
  "fields": {
    "title": "The Ultimate Guide to Rhinoplasty: Achieving Natural Results",
    "slug": "the-ultimate-guide-to-rhinoplasty-achieving-natural-results",
    "content": "Everything you need to know about nose reshaping surgery, from consultation to recovery, with tips for choosing the right surgeon.",
    "treatment": 2,
    "doctor": 13,
    "hospital": null,
    "is_medical_visa": false,
    "published_at": "2025-10-02T13:12:20.549Z"
  }
},
{
  "model": "blogs.blogpost",
  "pk": 9,
  "fields": {
    "title": "Medical Tourism in India: Why It's the Preferred Destination",
    "slug": "medical-tourism-in-india-why-its-the-preferred-destination",
    "content": "Exploring the benefits of medical tourism in India, including cost savings, quality care, and world-class facilities.",
    "treatment": null,
    "doctor": null,
    "hospital": null,
    "is_medical_visa": true,
    "published_at": "2025-10-02T13:12:20.562Z"
  }
},
{
  "model": "blogs.blogpost",
  "pk": 10,
  "fields": {
    "title": "Hair Transplant Techniques: FUE vs FUT - Which is Right for You?",
    "slug": "hair-transplant-techniques-fue-vs-fut-which-is-right-for-you",
    "content": "Comparing the two main hair transplant techniques, their benefits, recovery times, and ideal candidates for each procedure.",
    "treatment": 38,
    "doctor": null,
    "hospital": null,
    "is_medical_visa": false,
    "published_at": "2025-10-02T13:12:20.571Z"
  }
},
{
  "model": "blogs.blogpost",
  "pk": 11,
  "fields": {
    "title": "Ayurvedic Panchakarma: Ancient Wisdom for Modern Wellness",
    "slug": "ayurvedic-panchakarma-ancient-wisdom-for-modern-wellness",
    "content": "Understanding the traditional Ayurvedic detoxification therapy and its benefits for holistic health and well-being.",
    "treatment": 47,
    "doctor": 28,
    "hospital": null,
    "is_medical_visa": false,
    "published_at": "2025-10-02T13:12:20.580Z"
  }
},
{
  "model": "blogs.blogpost",
  "pk": 12,
  "fields": {
    "title": "Bariatric Surgery: A Life-Changing Decision for Weight Loss",
    "slug": "bariatric-surgery-a-life-changing-decision-for-weight-loss",
    "content": "Exploring the different types of weight loss surgeries, their effectiveness, and what to expect during the journey to better health.",
    "treatment": null,
    "doctor": null,
    "hospital": null,
    "is_medical_visa": false,
    "published_at": "2025-10-02T13:12:20.588Z"
  }
},
{
  "model": "bookings.booking",
  "pk": 2,
  "fields": {
    "treatment": 1,
    "preferred_doctor": 1,
    "preferred_hospital": null,
    "patient": 1,
    "preferred_date": "2026-01-23",
    "amount": "5000.00",
    "notes": null,
    "created_at": "2025-09-24T17:14:39.156Z",
    "google_meet_link": null,
    "status": "pending"
  }
},
{
  "model": "bookings.booking",
  "pk": 5,
  "fields": {
    "treatment": 1,
    "preferred_doctor": 1,
    "preferred_hospital": null,
    "patient": 1,
    "preferred_date": "2025-12-31",
    "amount": "5000.00",
    "notes": "",
    "created_at": "2025-09-24T18:01:56.137Z",
    "google_meet_link": null,
    "status": "confirmed"
  }
},
{
  "model": "bookings.booking",
  "pk": 6,
  "fields": {
    "treatment": 4,
    "preferred_doctor": 1,
    "preferred_hospital": null,
    "patient": 1,
    "preferred_date": "2025-12-31",
    "amount": "457.00",
    "notes": "",
    "created_at": "2025-09-24T18:03:10.010Z",
    "google_meet_link": null,
    "status": "confirmed"
  }
},
{
  "model": "bookings.booking",
  "pk": 9,
  "fields": {
    "treatment": 3,
    "preferred_doctor": null,
    "preferred_hospital": 1,
    "patient": 1,
    "preferred_date": "2025-12-31",
    "amount": "7895.00",
    "notes": "",
    "created_at": "2025-09-27T17:18:46.520Z",
    "google_meet_link": null,
    "status": "confirmed"
  }
},
{
  "model": "bookings.booking",
  "pk": 10,
  "fields": {
    "treatment": 2,
    "preferred_doctor": 2,
    "preferred_hospital": null,
    "patient": 1,
    "preferred_date": "2025-12-31",
    "amount": "0.00",
    "notes": null,
    "created_at": "2025-09-27T17:56:18.574Z",
    "google_meet_link": null,
    "status": "confirmed"
  }
},
{
  "model": "bookings.booking",
  "pk": 11,
  "fields": {
    "treatment": 8,
    "preferred_doctor": null,
    "preferred_hospital": null,
    "patient": 1,
    "preferred_date": "2025-12-31",
    "amount": "1500.00",
    "notes": null,
    "created_at": "2025-09-27T18:16:22.594Z",
    "google_meet_link": null,
    "status": "confirmed"
  }
},
{
  "model": "bookings.booking",
  "pk": 12,
  "fields": {
    "treatment": 7,
    "preferred_doctor": 1,
    "preferred_hospital": null,
    "patient": 1,
    "preferred_date": "2025-12-31",
    "amount": "4566.00",
    "notes": null,
    "created_at": "2025-09-27T18:21:19.284Z",
    "google_meet_link": null,
    "status": "confirmed"
  }
},
{
  "model": "bookings.booking",
  "pk": 26,
  "fields": {
    "treatment": 1,
    "preferred_doctor": 1,
    "preferred_hospital": null,
    "patient": 1,
    "preferred_date": "2025-12-30",
    "amount": "5000.00",
    "notes": "",
    "created_at": "2025-09-30T09:53:22.411Z",
    "google_meet_link": null,
    "status": "confirmed"
  }
},
{
  "model": "bookings.booking",
  "pk": 29,
  "fields": {
    "treatment": 2,
    "preferred_doctor": 2,
    "preferred_hospital": null,
    "patient": 1,
    "preferred_date": "2025-10-22",
    "amount": "5000.00",
    "notes": "",
    "created_at": "2025-10-01T04:40:27.801Z",
    "google_meet_link": "https://meet.google.com/97e-855c-3a2",
    "status": "confirmed"
  }
},
{
  "model": "bookings.booking",
  "pk": 30,
  "fields": {
    "treatment": 9,
    "preferred_doctor": null,
    "preferred_hospital": null,
    "patient": 1,
    "preferred_date": "2025-10-31",
    "amount": "50.00",
    "notes": "",
    "created_at": "2025-10-01T05:48:43.198Z",
    "google_meet_link": "https://meet.google.com/d5a-d6da-1d0",
    "status": "confirmed"
  }
},
{
  "model": "bookings.booking",
  "pk": 31,
  "fields": {
    "treatment": 1,
    "preferred_doctor": 1,
    "preferred_hospital": null,
    "patient": 1,
    "preferred_date": null,
    "amount": "5000.00",
    "notes": null,
    "created_at": "2025-10-01T07:01:41.865Z",
    "google_meet_link": null,
    "status": "confirmed"
  }
},
{
  "model": "bookings.booking",
  "pk": 32,
  "fields": {
    "treatment": 2,
    "preferred_doctor": 2,
    "preferred_hospital": 1,
    "patient": 1,
    "preferred_date": null,
    "amount": "5000.00",
    "notes": null,
    "created_at": "2025-10-01T08:12:42.097Z",
    "google_meet_link": null,
    "status": "confirmed"
  }
},
{
  "model": "bookings.booking",
  "pk": 33,
  "fields": {
    "treatment": 2,
    "preferred_doctor": 2,
    "preferred_hospital": 1,
    "patient": 1,
    "preferred_date": null,
    "amount": "5000.00",
    "notes": null,
    "created_at": "2025-10-01T08:15:21.907Z",
    "google_meet_link": null,
    "status": "confirmed"
  }
},
{
  "model": "bookings.booking",
  "pk": 34,
  "fields": {
    "treatment": 2,
    "preferred_doctor": 2,
    "preferred_hospital": 1,
    "patient": 1,
    "preferred_date": null,
    "amount": "5000.00",
    "notes": null,
    "created_at": "2025-10-01T08:15:49.466Z",
    "google_meet_link": null,
    "status": "confirmed"
  }
},
{
  "model": "bookings.booking",
  "pk": 40,
  "fields": {
    "treatment": 2,
    "preferred_doctor": 1,
    "preferred_hospital": null,
    "patient": 1,
    "preferred_date": "2025-10-18",
    "amount": "5000.00",
    "notes": "",
    "created_at": "2025-10-06T09:32:08.106Z",
    "google_meet_link": "https://meet.google.com/62b-bda3-f0b",
    "status": "confirmed"
  }
},
{
  "model": "bookings.booking",
  "pk": 41,
  "fields": {
    "treatment": 2,
    "preferred_doctor": 1,
    "preferred_hospital": null,
    "patient": 1,
    "preferred_date": "2025-10-18",
    "amount": "5000.00",
    "notes": "",
    "created_at": "2025-10-06T09:32:53.703Z",
    "google_meet_link": "https://meet.google.com/f52-7dd3-18d",
    "status": "confirmed"
  }
},
{
  "model": "bookings.booking",
  "pk": 43,
  "fields": {
    "treatment": 2,
    "preferred_doctor": 1,
    "preferred_hospital": null,
    "patient": 1,
    "preferred_date": "2025-10-08",
    "amount": "5000.00",
    "notes": "",
    "created_at": "2025-10-06T09:39:59.060Z",
    "google_meet_link": "https://meet.google.com/aed-a7e9-7df",
    "status": "confirmed"
  }
},
{
  "model": "bookings.booking",
  "pk": 44,
  "fields": {
    "treatment": 20,
    "preferred_doctor": null,
    "preferred_hospital": 21,
    "patient": 1,
    "preferred_date": "2025-10-31",
    "amount": "5625.00",
    "notes": null,
    "created_at": "2025-10-06T09:43:07.398Z",
    "google_meet_link": null,
    "status": "confirmed"
  }
},
{
  "model": "bookings.booking",
  "pk": 45,
  "fields": {
    "treatment": 20,
    "preferred_doctor": 20,
    "preferred_hospital": 10,
    "patient": 1,
    "preferred_date": "2025-10-31",
    "amount": "4750.00",
    "notes": null,
    "created_at": "2025-10-06T09:53:43.963Z",
    "google_meet_link": null,
    "status": "confirmed"
  }
},
{
  "model": "bookings.booking",
  "pk": 46,
  "fields": {
    "treatment": 4,
    "preferred_doctor": 11,
    "preferred_hospital": null,
    "patient": 23,
    "preferred_date": "2025-12-31",
    "amount": "3075.00",
    "notes": null,
    "created_at": "2025-10-06T10:05:15.705Z",
    "google_meet_link": null,
    "status": "confirmed"
  }
},
{
  "model": "bookings.booking",
  "pk": 49,
  "fields": {
    "treatment": 41,
    "preferred_doctor": 28,
    "preferred_hospital": 3,
    "patient": 1,
    "preferred_date": null,
    "amount": "6725.00",
    "notes": null,
    "created_at": "2025-10-06T13:42:54.952Z",
    "google_meet_link": null,
    "status": "confirmed"
  }
},
{
  "model": "bookings.booking",
  "pk": 53,
  "fields": {
    "treatment": 22,
    "preferred_doctor": 13,
    "preferred_hospital": 10,
    "patient": 1,
    "preferred_date": "2025-11-13",
    "amount": "4500.00",
    "notes": null,
    "created_at": "2025-10-29T07:44:51.260Z",
    "google_meet_link": null,
    "status": "confirmed"
  }
},
{
  "model": "bookings.booking",
  "pk": 54,
  "fields": {
    "treatment": 3,
    "preferred_doctor": null,
    "preferred_hospital": 24,
    "patient": 1,
    "preferred_date": null,
    "amount": "5300.00",
    "notes": null,
    "created_at": "2025-10-29T07:48:00.565Z",
    "google_meet_link": null,
    "status": "confirmed"
  }
},
{
  "model": "bookings.booking",
  "pk": 55,
  "fields": {
    "treatment": 7,
    "preferred_doctor": null,
    "preferred_hospital": 25,
    "patient": 1,
    "preferred_date": null,
    "amount": "4600.00",
    "notes": null,
    "created_at": "2025-10-29T07:51:00.808Z",
    "google_meet_link": null,
    "status": "pending"
  }
},
{
  "model": "bookings.booking",
  "pk": 56,
  "fields": {
    "treatment": 7,
    "preferred_doctor": null,
    "preferred_hospital": 25,
    "patient": 1,
    "preferred_date": null,
    "amount": "4600.00",
    "notes": null,
    "created_at": "2025-10-29T07:54:47.346Z",
    "google_meet_link": null,
    "status": "pending"
  }
},
{
  "model": "bookings.booking",
  "pk": 57,
  "fields": {
    "treatment": 29,
    "preferred_doctor": null,
    "preferred_hospital": 24,
    "patient": 1,
    "preferred_date": null,
    "amount": "5300.00",
    "notes": null,
    "created_at": "2025-10-29T08:00:40.957Z",
    "google_meet_link": null,
    "status": "confirmed"
  }
},
{
  "model": "bookings.booking",
  "pk": 58,
  "fields": {
    "treatment": 29,
    "preferred_doctor": null,
    "preferred_hospital": 24,
    "patient": 1,
    "preferred_date": null,
    "amount": "5300.00",
    "notes": null,
    "created_at": "2025-10-29T08:05:35.268Z",
    "google_meet_link": null,
    "status": "confirmed"
  }
},
{
  "model": "bookings.booking",
  "pk": 59,
  "fields": {
    "treatment": 29,
    "preferred_doctor": null,
    "preferred_hospital": 24,
    "patient": 1,
    "preferred_date": null,
    "amount": "5300.00",
    "notes": null,
    "created_at": "2025-10-29T08:07:56.034Z",
    "google_meet_link": null,
    "status": "confirmed"
  }
},
{
  "model": "bookings.booking",
  "pk": 60,
  "fields": {
    "treatment": 28,
    "preferred_doctor": null,
    "preferred_hospital": 24,
    "patient": 1,
    "preferred_date": null,
    "amount": "5300.00",
    "notes": null,
    "created_at": "2025-10-29T09:03:38.196Z",
    "google_meet_link": null,
    "status": "confirmed"
  }
},
{
  "model": "bookings.booking",
  "pk": 61,
  "fields": {
    "treatment": 31,
    "preferred_doctor": null,
    "preferred_hospital": 25,
    "patient": 1,
    "preferred_date": null,
    "amount": "4600.00",
    "notes": null,
    "created_at": "2025-10-29T09:10:21.087Z",
    "google_meet_link": null,
    "status": "confirmed"
  }
},
{
  "model": "bookings.booking",
  "pk": 63,
  "fields": {
    "treatment": 26,
    "preferred_doctor": null,
    "preferred_hospital": 10,
    "patient": 1,
    "preferred_date": null,
    "amount": "4500.00",
    "notes": null,
    "created_at": "2025-10-29T11:21:24.223Z",
    "google_meet_link": null,
    "status": "confirmed"
  }
},
{
  "model": "bookings.booking",
  "pk": 64,
  "fields": {
    "treatment": 26,
    "preferred_doctor": null,
    "preferred_hospital": 10,
    "patient": 1,
    "preferred_date": null,
    "amount": "14875.00",
    "notes": null,
    "created_at": "2025-10-29T11:30:38.221Z",
    "google_meet_link": null,
    "status": "confirmed"
  }
},
{
  "model": "bookings.booking",
  "pk": 65,
  "fields": {
    "treatment": 9,
    "preferred_doctor": null,
    "preferred_hospital": 10,
    "patient": 1,
    "preferred_date": null,
    "amount": "15725.00",
    "notes": null,
    "created_at": "2025-10-31T13:32:59.638Z",
    "google_meet_link": null,
    "status": "confirmed"
  }
},
{
  "model": "bookings.booking",
  "pk": 66,
  "fields": {
    "treatment": 4,
    "preferred_doctor": 1,
    "preferred_hospital": 10,
    "patient": 1,
    "preferred_date": "2025-12-31",
    "amount": "2200.00",
    "notes": null,
    "created_at": "2025-10-31T15:06:57.560Z",
    "google_meet_link": null,
    "status": "confirmed"
  }
},
{
  "model": "bookings.booking",
  "pk": 68,
  "fields": {
    "treatment": 17,
    "preferred_doctor": null,
    "preferred_hospital": 25,
    "patient": 1,
    "preferred_date": null,
    "amount": "57460.00",
    "notes": null,
    "created_at": "2025-11-01T05:53:54.272Z",
    "google_meet_link": null,
    "status": "confirmed"
  }
},
{
  "model": "bookings.booking",
  "pk": 69,
  "fields": {
    "treatment": 17,
    "preferred_doctor": null,
    "preferred_hospital": 25,
    "patient": 1,
    "preferred_date": null,
    "amount": "57460.00",
    "notes": null,
    "created_at": "2025-11-01T05:55:42.056Z",
    "google_meet_link": null,
    "status": "confirmed"
  }
},
{
  "model": "bookings.booking",
  "pk": 70,
  "fields": {
    "treatment": 25,
    "preferred_doctor": null,
    "preferred_hospital": 10,
    "patient": 1,
    "preferred_date": null,
    "amount": "19125.00",
    "notes": null,
    "created_at": "2025-11-01T10:28:00.734Z",
    "google_meet_link": null,
    "status": "confirmed"
  }
},
{
  "model": "bookings.booking",
  "pk": 71,
  "fields": {
    "treatment": 25,
    "preferred_doctor": null,
    "preferred_hospital": 1,
    "patient": null,
    "preferred_date": null,
    "amount": "0.00",
    "notes": null,
    "created_at": "2025-11-01T10:36:47.278Z",
    "google_meet_link": null,
    "status": "pending"
  }
},
{
  "model": "bookings.booking",
  "pk": 72,
  "fields": {
    "treatment": 27,
    "preferred_doctor": null,
    "preferred_hospital": 10,
    "patient": 1,
    "preferred_date": null,
    "amount": "19125.00",
    "notes": null,
    "created_at": "2025-11-01T10:38:12.778Z",
    "google_meet_link": null,
    "status": "confirmed"
  }
},
{
  "model": "bookings.booking",
  "pk": 74,
  "fields": {
    "treatment": 16,
    "preferred_doctor": 10,
    "preferred_hospital": null,
    "patient": 26,
    "preferred_date": "2026-01-30",
    "amount": "9500.00",
    "notes": "",
    "created_at": "2026-01-19T03:18:34.646Z",
    "google_meet_link": "https://meet.google.com/088-b49b-add",
    "status": "pending"
  }
},
{
  "model": "bookings.booking",
  "pk": 75,
  "fields": {
    "treatment": 20,
    "preferred_doctor": null,
    "preferred_hospital": 10,
    "patient": null,
    "preferred_date": null,
    "amount": "10625.00",
    "notes": null,
    "created_at": "2026-01-21T18:29:14.025Z",
    "google_meet_link": null,
    "status": "pending"
  }
},
{
  "model": "bookings.booking",
  "pk": 76,
  "fields": {
    "treatment": 21,
    "preferred_doctor": 17,
    "preferred_hospital": 10,
    "patient": null,
    "preferred_date": null,
    "amount": "8075.00",
    "notes": null,
    "created_at": "2026-02-10T17:09:57.760Z",
    "google_meet_link": null,
    "status": "confirmed"
  }
},
{
  "model": "bookings.booking",
  "pk": 77,
  "fields": {
    "treatment": 21,
    "preferred_doctor": 17,
    "preferred_hospital": 10,
    "patient": null,
    "preferred_date": null,
    "amount": "8075.00",
    "notes": null,
    "created_at": "2026-02-10T17:10:55.104Z",
    "google_meet_link": null,
    "status": "confirmed"
  }
},
{
  "model": "bookings.booking",
  "pk": 78,
  "fields": {
    "treatment": 21,
    "preferred_doctor": null,
    "preferred_hospital": 10,
    "patient": null,
    "preferred_date": null,
    "amount": "3825.00",
    "notes": null,
    "created_at": "2026-02-10T17:17:36.087Z",
    "google_meet_link": null,
    "status": "confirmed"
  }
},
{
  "model": "bookings.booking",
  "pk": 79,
  "fields": {
    "treatment": 21,
    "preferred_doctor": null,
    "preferred_hospital": 10,
    "patient": 23,
    "preferred_date": null,
    "amount": "3825.00",
    "notes": null,
    "created_at": "2026-02-10T17:33:52.120Z",
    "google_meet_link": null,
    "status": "confirmed"
  }
},
{
  "model": "bookings.booking",
  "pk": 80,
  "fields": {
    "treatment": 7,
    "preferred_doctor": null,
    "preferred_hospital": 10,
    "patient": 23,
    "preferred_date": null,
    "amount": "3825.00",
    "notes": null,
    "created_at": "2026-02-16T10:07:41.062Z",
    "google_meet_link": null,
    "status": "confirmed"
  }
},
{
  "model": "bookings.medicalreport",
  "pk": 4,
  "fields": {
    "booking": 29,
    "file": "medical_reports/6th_Sem__Result_ITS_MOHAN_NAGAR.pdf",
    "uploaded_at": "2025-10-01T04:40:27.860Z",
    "description": "Medical report uploaded for consultation booking #29"
  }
},
{
  "model": "bookings.medicalreport",
  "pk": 5,
  "fields": {
    "booking": 29,
    "file": "medical_reports/TUSHAR_SINGH_DOCUMENTS_BCA-1-5.pdf",
    "uploaded_at": "2025-10-01T04:40:27.921Z",
    "description": "Medical report uploaded for consultation booking #29"
  }
},
{
  "model": "bookings.medicalreport",
  "pk": 6,
  "fields": {
    "booking": 29,
    "file": "medical_reports/TUSHAR_SINGH_DOCUMENTS_BCA.pdf",
    "uploaded_at": "2025-10-01T04:40:27.972Z",
    "description": "Medical report uploaded for consultation booking #29"
  }
},
{
  "model": "bookings.medicalreport",
  "pk": 7,
  "fields": {
    "booking": 30,
    "file": "medical_reports/WhatsApp_Business_Auto_Message.docx",
    "uploaded_at": "2025-10-01T05:48:43.224Z",
    "description": "Medical report uploaded for consultation booking #30"
  }
},
{
  "model": "bookings.medicalreport",
  "pk": 8,
  "fields": {
    "booking": 30,
    "file": "medical_reports/WhatsApp_Image_2025-09-30_at_16.07.51_fde996db.jpg",
    "uploaded_at": "2025-10-01T05:48:43.251Z",
    "description": "Medical report uploaded for consultation booking #30"
  }
},
{
  "model": "bookings.medicalreport",
  "pk": 9,
  "fields": {
    "booking": 30,
    "file": "medical_reports/Code_With_Mr_Singh_1.png",
    "uploaded_at": "2025-10-01T05:48:43.266Z",
    "description": "Medical report uploaded for consultation booking #30"
  }
},
{
  "model": "bookings.medicalreport",
  "pk": 10,
  "fields": {
    "booking": 30,
    "file": "medical_reports/Code_With_Mr_Singh.png",
    "uploaded_at": "2025-10-01T05:48:43.287Z",
    "description": "Medical report uploaded for consultation booking #30"
  }
},
{
  "model": "bookings.medicalreport",
  "pk": 11,
  "fields": {
    "booking": 30,
    "file": "medical_reports/Tushar_Singh_CV.pdf",
    "uploaded_at": "2025-10-01T05:48:43.314Z",
    "description": "Medical report uploaded for consultation booking #30"
  }
},
{
  "model": "bookings.medicalreport",
  "pk": 12,
  "fields": {
    "booking": 30,
    "file": "medical_reports/Account_Statement.pdf",
    "uploaded_at": "2025-10-01T05:48:43.329Z",
    "description": "Medical report uploaded for consultation booking #30"
  }
},
{
  "model": "bookings.medicalreport",
  "pk": 13,
  "fields": {
    "booking": 34,
    "file": "medical_reports/6th_Sem__Result_ITS_MOHAN_NAGAR_rloNdZ9.pdf",
    "uploaded_at": "2025-10-01T08:15:49.481Z",
    "description": "Medical report uploaded for booking #34"
  }
},
{
  "model": "bookings.medicalreport",
  "pk": 14,
  "fields": {
    "booking": 34,
    "file": "medical_reports/TUSHAR_SINGH_DOCUMENTS_BCA-1-5_khc2Un7.pdf",
    "uploaded_at": "2025-10-01T08:15:49.494Z",
    "description": "Medical report uploaded for booking #34"
  }
},
{
  "model": "bookings.medicalreport",
  "pk": 15,
  "fields": {
    "booking": 34,
    "file": "medical_reports/TUSHAR_SINGH_DOCUMENTS_BCA_G0Ju9hk.pdf",
    "uploaded_at": "2025-10-01T08:15:49.508Z",
    "description": "Medical report uploaded for booking #34"
  }
},
{
  "model": "bookings.medicalreport",
  "pk": 43,
  "fields": {
    "booking": 43,
    "file": "medical_reports/Code_With_Mr_Singh_1.png",
    "uploaded_at": "2025-10-06T09:39:59.087Z",
    "description": "Medical report uploaded for consultation booking #43"
  }
},
{
  "model": "bookings.medicalreport",
  "pk": 44,
  "fields": {
    "booking": 43,
    "file": "medical_reports/Code_With_Mr_Singh.png",
    "uploaded_at": "2025-10-06T09:39:59.102Z",
    "description": "Medical report uploaded for consultation booking #43"
  }
},
{
  "model": "bookings.medicalreport",
  "pk": 45,
  "fields": {
    "booking": 43,
    "file": "medical_reports/Tushar_Singh_CV.pdf",
    "uploaded_at": "2025-10-06T09:39:59.118Z",
    "description": "Medical report uploaded for consultation booking #43"
  }
},
{
  "model": "bookings.medicalreport",
  "pk": 46,
  "fields": {
    "booking": 43,
    "file": "medical_reports/Account_Statement.pdf",
    "uploaded_at": "2025-10-06T09:39:59.131Z",
    "description": "Medical report uploaded for consultation booking #43"
  }
},
{
  "model": "bookings.accommodation",
  "pk": 1,
  "fields": {
    "hospital": 1,
    "name": "Hotel Comfort Inn",
    "price_per_night": "80.00",
    "address": ""
  }
},
{
  "model": "bookings.accommodation",
  "pk": 2,
  "fields": {
    "hospital": 1,
    "name": "Budget Stay",
    "price_per_night": "45.00",
    "address": ""
  }
},
{
  "model": "bookings.accommodation",
  "pk": 3,
  "fields": {
    "hospital": 2,
    "name": "Kerala Retreat",
    "price_per_night": "90.00",
    "address": ""
  }
},
{
  "model": "bookings.accommodation",
  "pk": 6,
  "fields": {
    "hospital": 10,
    "name": "Budget Hotel near Fortis Healthcare",
    "price_per_night": "8419.00",
    "address": ""
  }
},
{
  "model": "bookings.accommodation",
  "pk": 7,
  "fields": {
    "hospital": 10,
    "name": "Guest House near Fortis Healthcare",
    "price_per_night": "3558.00",
    "address": ""
  }
},
{
  "model": "bookings.accommodation",
  "pk": 28,
  "fields": {
    "hospital": 20,
    "name": "Guest House near KPJ Healthcare",
    "price_per_night": "2182.00",
    "address": ""
  }
},
{
  "model": "bookings.accommodation",
  "pk": 29,
  "fields": {
    "hospital": 20,
    "name": "Serviced Apartment near KPJ Healthcare",
    "price_per_night": "14541.00",
    "address": ""
  }
},
{
  "model": "bookings.accommodation",
  "pk": 30,
  "fields": {
    "hospital": 20,
    "name": "Budget Hotel near KPJ Healthcare",
    "price_per_night": "14906.00",
    "address": ""
  }
},
{
  "model": "bookings.accommodation",
  "pk": 31,
  "fields": {
    "hospital": 21,
    "name": "Guest House near Gleneagles Hospital",
    "price_per_night": "12798.00",
    "address": ""
  }
},
{
  "model": "bookings.accommodation",
  "pk": 32,
  "fields": {
    "hospital": 21,
    "name": "Luxury Hotel near Gleneagles Hospital",
    "price_per_night": "3135.00",
    "address": ""
  }
},
{
  "model": "bookings.accommodation",
  "pk": 33,
  "fields": {
    "hospital": 21,
    "name": "Serviced Apartment near Gleneagles Hospital",
    "price_per_night": "3631.00",
    "address": ""
  }
},
{
  "model": "bookings.accommodation",
  "pk": 40,
  "fields": {
    "hospital": 24,
    "name": "Boutique Hotel near Indraprastha Apollo Hospitals",
    "price_per_night": "4027.00",
    "address": ""
  }
},
{
  "model": "bookings.accommodation",
  "pk": 41,
  "fields": {
    "hospital": 24,
    "name": "Guest House near Indraprastha Apollo Hospitals",
    "price_per_night": "3599.00",
    "address": ""
  }
},
{
  "model": "bookings.accommodation",
  "pk": 42,
  "fields": {
    "hospital": 25,
    "name": "Guest House near Global Hospitals",
    "price_per_night": "3339.00",
    "address": ""
  }
},
{
  "model": "bookings.accommodation",
  "pk": 43,
  "fields": {
    "hospital": 25,
    "name": "Luxury Hotel near Global Hospitals",
    "price_per_night": "13266.00",
    "address": ""
  }
},
{
  "model": "bookings.accommodation",
  "pk": 44,
  "fields": {
    "hospital": 25,
    "name": "Resort near Global Hospitals",
    "price_per_night": "9881.00",
    "address": ""
  }
},
{
  "model": "accounts.userprofile",
  "pk": 1,
  "fields": {
    "user": [
      "cool"
    ],
    "user_type": "admin",
    "phone": "",
    "address": "",
    "city": "",
    "profile_picture": "",
    "created_at": "2025-09-18T16:17:11.044Z",
    "updated_at": "2025-09-18T16:17:11.044Z"
  }
},
{
  "model": "accounts.userprofile",
  "pk": 23,
  "fields": {
    "user": [
      "tusharsinghkumar02"
    ],
    "user_type": "patient",
    "phone": "08851619647",
    "address": "177/9b sai nagar Meetha Pur Badarpur",
    "city": "delhi",
    "profile_picture": "profile_pictures/me.png",
    "created_at": "2025-10-04T04:04:39.352Z",
    "updated_at": "2026-02-10T17:22:21.020Z"
  }
},
{
  "model": "accounts.userprofile",
  "pk": 26,
  "fields": {
    "user": [
      "tusharsinghkumar04"
    ],
    "user_type": "patient",
    "phone": "",
    "address": "",
    "city": "",
    "profile_picture": "",
    "created_at": "2026-01-13T04:13:15.612Z",
    "updated_at": "2026-01-13T04:13:15.612Z"
  }
},
{
  "model": "accounts.patientprofile",
  "pk": 12,
  "fields": {
    "user_profile": 23,
    "medical_history": "",
    "emergency_contact": "",
    "blood_type": ""
  }
},
{
  "model": "accounts.patientprofile",
  "pk": 15,
  "fields": {
    "user_profile": 26,
    "medical_history": "",
    "emergency_contact": "",
    "blood_type": ""
  }
},
{
  "model": "feedbacks.feedback",
  "pk": 2,
  "fields": {
    "patient": 1,
    "feedback_type": "hospital",
    "doctor": null,
    "hospital": 1,
    "treatment": null,
    "rating": 5,
    "title": "Test Review",
    "comment": "This is a test review",
    "video_url": null,
    "is_anonymous": false,
    "created_at": "2025-09-23T14:40:45.948Z",
    "updated_at": "2025-09-23T14:40:45.948Z",
    "is_approved": true
  }
},
{
  "model": "feedbacks.feedback",
  "pk": 4,
  "fields": {
    "patient": 1,
    "feedback_type": "doctor",
    "doctor": 1,
    "hospital": null,
    "treatment": null,
    "rating": 5,
    "title": "Great Doctor!",
    "comment": "Dr. Mehta is very professional and caring.",
    "video_url": null,
    "is_anonymous": false,
    "created_at": "2025-09-23T16:30:28.985Z",
    "updated_at": "2025-09-23T16:30:28.985Z",
    "is_approved": true
  }
},
{
  "model": "payments.payment",
  "pk": 4,
  "fields": {
    "booking": 30,
    "user": 1,
    "amount": "50.00",
    "currency": "INR",
    "status": "completed",
    "created_at": "2025-10-01T05:49:29.872Z",
    "updated_at": "2025-10-01T05:49:29.872Z"
  }
},
{
  "model": "payments.payment",
  "pk": 7,
  "fields": {
    "booking": 41,
    "user": 1,
    "amount": "6490.00",
    "currency": "INR",
    "status": "completed",
    "created_at": "2025-10-06T09:33:23.371Z",
    "updated_at": "2025-10-06T09:33:23.371Z"
  }
},
{
  "model": "payments.payment",
  "pk": 8,
  "fields": {
    "booking": 44,
    "user": 1,
    "amount": "9735.00",
    "currency": "INR",
    "status": "completed",
    "created_at": "2025-10-06T09:43:30.570Z",
    "updated_at": "2025-10-06T09:43:30.570Z"
  }
},
{
  "model": "payments.payment",
  "pk": 9,
  "fields": {
    "booking": 45,
    "user": 1,
    "amount": "9735.00",
    "currency": "USD",
    "status": "completed",
    "created_at": "2025-10-06T09:53:59.219Z",
    "updated_at": "2025-10-06T09:53:59.219Z"
  }
},
{
  "model": "payments.payment",
  "pk": 12,
  "fields": {
    "booking": 49,
    "user": 1,
    "amount": "2336.40",
    "currency": "USD",
    "status": "completed",
    "created_at": "2025-10-06T13:42:59.972Z",
    "updated_at": "2025-10-06T13:42:59.972Z"
  }
},
{
  "model": "payments.payment",
  "pk": 15,
  "fields": {
    "booking": 57,
    "user": 1,
    "amount": "4543.00",
    "currency": "USD",
    "status": "completed",
    "created_at": "2025-10-29T08:00:54.356Z",
    "updated_at": "2025-10-29T08:00:54.356Z"
  }
},
{
  "model": "payments.payment",
  "pk": 16,
  "fields": {
    "booking": 58,
    "user": 1,
    "amount": "4543.00",
    "currency": "USD",
    "status": "completed",
    "created_at": "2025-10-29T08:05:46.716Z",
    "updated_at": "2025-10-29T08:05:46.716Z"
  }
},
{
  "model": "payments.payment",
  "pk": 17,
  "fields": {
    "booking": 58,
    "user": 1,
    "amount": "4543.00",
    "currency": "USD",
    "status": "completed",
    "created_at": "2025-10-29T08:07:15.883Z",
    "updated_at": "2025-10-29T08:07:15.883Z"
  }
},
{
  "model": "payments.payment",
  "pk": 18,
  "fields": {
    "booking": 59,
    "user": 1,
    "amount": "4543.00",
    "currency": "USD",
    "status": "completed",
    "created_at": "2025-10-29T08:08:15.507Z",
    "updated_at": "2025-10-29T08:08:15.507Z"
  }
},
{
  "model": "payments.payment",
  "pk": 19,
  "fields": {
    "booking": 59,
    "user": 1,
    "amount": "4543.00",
    "currency": "USD",
    "status": "completed",
    "created_at": "2025-10-29T08:11:16.639Z",
    "updated_at": "2025-10-29T08:11:16.639Z"
  }
},
{
  "model": "payments.payment",
  "pk": 20,
  "fields": {
    "booking": 60,
    "user": 1,
    "amount": "23364.00",
    "currency": "USD",
    "status": "completed",
    "created_at": "2025-10-29T09:03:51.137Z",
    "updated_at": "2025-10-29T09:03:51.137Z"
  }
},
{
  "model": "payments.payment",
  "pk": 21,
  "fields": {
    "booking": 61,
    "user": 1,
    "amount": "9086.00",
    "currency": "USD",
    "status": "completed",
    "created_at": "2025-10-29T09:10:43.133Z",
    "updated_at": "2025-10-29T09:10:43.133Z"
  }
},
{
  "model": "payments.payment",
  "pk": 23,
  "fields": {
    "booking": 65,
    "user": 1,
    "amount": "64.90",
    "currency": "USD",
    "status": "completed",
    "created_at": "2025-10-31T13:33:17.519Z",
    "updated_at": "2025-10-31T13:33:17.519Z"
  }
},
{
  "model": "payments.payment",
  "pk": 25,
  "fields": {
    "booking": 68,
    "user": 1,
    "amount": "15576.00",
    "currency": "USD",
    "status": "completed",
    "created_at": "2025-11-01T05:54:06.290Z",
    "updated_at": "2025-11-01T05:54:06.290Z"
  }
},
{
  "model": "payments.payment",
  "pk": 26,
  "fields": {
    "booking": 69,
    "user": 1,
    "amount": "15576.00",
    "currency": "USD",
    "status": "completed",
    "created_at": "2025-11-01T05:55:59.083Z",
    "updated_at": "2025-11-01T05:55:59.083Z"
  }
},
{
  "model": "payments.payment",
  "pk": 27,
  "fields": {
    "booking": 70,
    "user": 1,
    "amount": "25960.00",
    "currency": "USD",
    "status": "completed",
    "created_at": "2025-11-01T10:28:11.149Z",
    "updated_at": "2025-11-01T10:28:11.149Z"
  }
},
{
  "model": "payments.payment",
  "pk": 28,
  "fields": {
    "booking": 70,
    "user": 1,
    "amount": "25960.00",
    "currency": "USD",
    "status": "completed",
    "created_at": "2025-11-01T10:30:54.565Z",
    "updated_at": "2025-11-01T10:30:54.565Z"
  }
},
{
  "model": "payments.payment",
  "pk": 29,
  "fields": {
    "booking": 72,
    "user": 1,
    "amount": "32450.00",
    "currency": "INR",
    "status": "completed",
    "created_at": "2025-11-01T10:38:30.806Z",
    "updated_at": "2025-11-01T10:38:30.806Z"
  }
},
{
  "model": "payments.payment",
  "pk": 31,
  "fields": {
    "booking": 76,
    "user": null,
    "amount": "19470.00",
    "currency": "INR",
    "status": "completed",
    "created_at": "2026-02-10T17:10:15.206Z",
    "updated_at": "2026-02-10T17:10:15.206Z"
  }
},
{
  "model": "payments.payment",
  "pk": 32,
  "fields": {
    "booking": 77,
    "user": null,
    "amount": "19470.00",
    "currency": "INR",
    "status": "completed",
    "created_at": "2026-02-10T17:11:09.357Z",
    "updated_at": "2026-02-10T17:11:09.358Z"
  }
},
{
  "model": "payments.payment",
  "pk": 33,
  "fields": {
    "booking": 78,
    "user": null,
    "amount": "19470.00",
    "currency": "INR",
    "status": "completed",
    "created_at": "2026-02-10T17:17:48.767Z",
    "updated_at": "2026-02-10T17:17:48.767Z"
  }
},
{
  "model": "payments.payment",
  "pk": 34,
  "fields": {
    "booking": 79,
    "user": 23,
    "amount": "19470.00",
    "currency": "INR",
    "status": "completed",
    "created_at": "2026-02-10T17:34:04.710Z",
    "updated_at": "2026-02-10T17:34:04.710Z"
  }
},
{
  "model": "payments.payment",
  "pk": 35,
  "fields": {
    "booking": 80,
    "user": 23,
    "amount": "6490.00",
    "currency": "INR",
    "status": "completed",
    "created_at": "2026-02-16T10:07:52.649Z",
    "updated_at": "2026-02-16T10:07:52.649Z"
  }
},
{
  "model": "hotels.hotel",
  "pk": 1,
  "fields": {
    "name": "Grand Plaza Hotel",
    "slug": "grand-plaza-hotel",
    "description": "Luxury hotel with excellent amenities and services",
    "address": "123 Main Street",
    "city": "Mumbai",
    "state": "Maharashtra",
    "country": "India",
    "postal_code": "400001",
    "phone": "+91 22 1234 5678",
    "email": "info@grandplaza.com",
    "website": "https://www.grandplaza.com",
    "rating": "4.50",
    "review_count": 0,
    "price_per_night": "8000.00",
    "amenities": "Free WiFi, Swimming Pool, Gym, Restaurant, Spa, Parking",
    "is_active": true,
    "latitude": null,
    "longitude": null,
    "created_at": "2025-09-27T19:11:06.245Z",
    "updated_at": "2025-11-01T05:39:22.337Z",
    "nearby_hospitals": [
      1,
      2,
      3,
      10,
      20,
      21,
      25
    ]
  }
},
{
  "model": "hotels.hotel",
  "pk": 2,
  "fields": {
    "name": "Seaside Resort",
    "slug": "seaside-resort",
    "description": "Beautiful seaside resort with ocean views",
    "address": "456 Beach Road",
    "city": "Goa",
    "state": "Goa",
    "country": "India",
    "postal_code": "403001",
    "phone": "+91 832 234 5678",
    "email": "reservations@seasideresort.com",
    "website": "https://www.seasideresort.com",
    "rating": "4.20",
    "review_count": 0,
    "price_per_night": "6500.00",
    "amenities": "Free WiFi, Beach Access, Pool, Restaurant, Bar, Spa",
    "is_active": true,
    "latitude": null,
    "longitude": null,
    "created_at": "2025-09-27T19:11:06.255Z",
    "updated_at": "2025-11-01T05:42:29.496Z",
    "nearby_hospitals": [
      1,
      2,
      3,
      5,
      20,
      21
    ]
  }
},
{
  "model": "hotels.hotel",
  "pk": 3,
  "fields": {
    "name": "Mountain View Inn",
    "slug": "mountain-view-inn",
    "description": "Cozy inn with stunning mountain views",
    "address": "789 Hill Road",
    "city": "Manali",
    "state": "Himachal Pradesh",
    "country": "India",
    "postal_code": "175131",
    "phone": "+91 1902 234 567",
    "email": "info@mountainviewinn.com",
    "website": "https://www.mountainviewinn.com",
    "rating": "4.00",
    "review_count": 0,
    "price_per_night": "4500.00",
    "amenities": "Free WiFi, Mountain Views, Restaurant, Parking, Fireplace",
    "is_active": true,
    "latitude": null,
    "longitude": null,
    "created_at": "2025-09-27T19:11:06.262Z",
    "updated_at": "2025-11-01T05:42:52.566Z",
    "nearby_hospitals": [
      3,
      5,
      8,
      10,
      21,
      24,
      25
    ]
  }
},
{
  "model": "hotels.hotel",
  "pk": 4,
  "fields": {
    "name": "City Central Hotel",
    "slug": "city-central-hotel",
    "description": "Conveniently located in the heart of the city",
    "address": "101 Central Avenue",
    "city": "Delhi",
    "state": "Delhi",
    "country": "India",
    "postal_code": "110001",
    "phone": "+91 11 2345 6789",
    "email": "bookings@citycentral.com",
    "website": "https://www.citycentral.com",
    "rating": "4.30",
    "review_count": 0,
    "price_per_night": "5500.00",
    "amenities": "Free WiFi, Central Location, Restaurant, Gym, Parking",
    "is_active": true,
    "latitude": null,
    "longitude": null,
    "created_at": "2025-09-27T19:11:06.272Z",
    "updated_at": "2025-11-01T05:41:25.672Z",
    "nearby_hospitals": [
      2,
      3,
      5,
      10,
      20,
      24,
      25
    ]
  }
},
{
  "model": "hotels.hotel",
  "pk": 5,
  "fields": {
    "name": "Heritage Palace",
    "slug": "heritage-palace",
    "description": "Historic palace converted into a luxury hotel",
    "address": "202 Heritage Lane",
    "city": "Jaipur",
    "state": "Rajasthan",
    "country": "India",
    "postal_code": "302001",
    "phone": "+91 141 234 5678",
    "email": "reservations@heritagepalace.com",
    "website": "https://www.heritagepalace.com",
    "rating": "4.70",
    "review_count": 0,
    "price_per_night": "9500.00",
    "amenities": "Free WiFi, Heritage Architecture, Pool, Spa, Restaurant, Parking",
    "is_active": true,
    "latitude": null,
    "longitude": null,
    "created_at": "2025-09-27T19:11:06.279Z",
    "updated_at": "2025-11-01T05:37:56.336Z",
    "nearby_hospitals": [
      2,
      3,
      5,
      20,
      21,
      24,
      25
    ]
  }
},
{
  "model": "hotels.hotel",
  "pk": 6,
  "fields": {
    "name": "Pune Plaza Hotel",
    "slug": "pune-plaza-hotel",
    "description": "Comfortable hotel in Pune",
    "address": "123 Main Street",
    "city": "Pune",
    "state": "Maharashtra",
    "country": "India",
    "postal_code": "",
    "phone": "+91 20 1234 5678",
    "email": "info@puneplaza.com",
    "website": "https://www.puneplaza.com",
    "rating": "4.20",
    "review_count": 0,
    "price_per_night": "4500.00",
    "amenities": "Free WiFi, Restaurant, Parking",
    "is_active": true,
    "latitude": null,
    "longitude": null,
    "created_at": "2025-09-27T19:41:48.434Z",
    "updated_at": "2025-11-01T05:42:08.503Z",
    "nearby_hospitals": [
      1,
      3,
      5,
      8,
      21,
      24,
      25
    ]
  }
},
{
  "model": "hotels.hotel",
  "pk": 7,
  "fields": {
    "name": "The Lodhi",
    "slug": "the-lodhi",
    "description": "Luxury hotel with modern amenities and excellent service",
    "address": "Lodhi Road",
    "city": "New Delhi",
    "state": "Delhi",
    "country": "India",
    "postal_code": "110003",
    "phone": "+91-11-4711-1111",
    "email": "info@thelodhi.com",
    "website": "https://www.thelodhi.com",
    "rating": "4.80",
    "review_count": 1200,
    "price_per_night": "15000.00",
    "amenities": "Free WiFi, Swimming Pool, Spa, Gym, Restaurant, Room Service",
    "is_active": true,
    "latitude": "28.592800",
    "longitude": "77.243100",
    "created_at": "2025-10-29T08:14:06.214Z",
    "updated_at": "2025-11-01T05:37:08.414Z",
    "nearby_hospitals": [
      1,
      2,
      3,
      5,
      8,
      10,
      24
    ]
  }
},
{
  "model": "hotels.hotel",
  "pk": 8,
  "fields": {
    "name": "The Oberoi",
    "slug": "the-oberoi",
    "description": "Luxury hotel with elegant rooms and exceptional service",
    "address": "Dr. Zakir Hussain Marg",
    "city": "New Delhi",
    "state": "Delhi",
    "country": "India",
    "postal_code": "110003",
    "phone": "+91-11-2342-3434",
    "email": "reservations@oberoihotels.com",
    "website": "https://www.oberoihotels.com",
    "rating": "4.70",
    "review_count": 980,
    "price_per_night": "12000.00",
    "amenities": "Free WiFi, Swimming Pool, Spa, Gym, Multiple Restaurants, 24/7 Room Service",
    "is_active": true,
    "latitude": "28.602800",
    "longitude": "77.228100",
    "created_at": "2025-10-29T08:14:06.232Z",
    "updated_at": "2025-11-01T05:38:25.885Z",
    "nearby_hospitals": [
      1,
      2,
      5,
      8,
      20,
      24,
      25
    ]
  }
},
{
  "model": "hotels.hotel",
  "pk": 9,
  "fields": {
    "name": "Taj Palace",
    "slug": "taj-palace",
    "description": "Iconic luxury hotel with panoramic views of India Gate",
    "address": "2, Sardar Patel Marg",
    "city": "New Delhi",
    "state": "Delhi",
    "country": "India",
    "postal_code": "110021",
    "phone": "+91-11-4892-1234",
    "email": "tajpalace.del@tajhotels.com",
    "website": "https://www.tajhotels.com",
    "rating": "4.60",
    "review_count": 1150,
    "price_per_night": "10000.00",
    "amenities": "Free WiFi, Swimming Pool, Spa, Gym, Multiple Restaurants, Bar, 24/7 Room Service",
    "is_active": true,
    "latitude": "28.615300",
    "longitude": "77.232000",
    "created_at": "2025-10-29T08:14:06.248Z",
    "updated_at": "2025-11-01T05:38:41.471Z",
    "nearby_hospitals": [
      1,
      2,
      3,
      5,
      8,
      10,
      20,
      21,
      24,
      25
    ]
  }
},
{
  "model": "hotels.hotel",
  "pk": 10,
  "fields": {
    "name": "ITC Maurya",
    "slug": "itc-maurya",
    "description": "Luxury business hotel with modern amenities",
    "address": "Sardar Patel Marg",
    "city": "New Delhi",
    "state": "Delhi",
    "country": "India",
    "postal_code": "110021",
    "phone": "+91-11-2611-2233",
    "email": "reservations.itcmaurya@itchotels.in",
    "website": "https://www.itchotels.in",
    "rating": "4.50",
    "review_count": 870,
    "price_per_night": "8000.00",
    "amenities": "Free WiFi, Business Center, Gym, Restaurant, Bar, 24/7 Room Service",
    "is_active": true,
    "latitude": "28.617200",
    "longitude": "77.232500",
    "created_at": "2025-10-29T08:14:06.265Z",
    "updated_at": "2025-11-01T05:39:48.380Z",
    "nearby_hospitals": [
      1,
      2,
      5,
      8,
      10,
      24
    ]
  }
},
{
  "model": "hotels.hotel",
  "pk": 11,
  "fields": {
    "name": "The Lalit New Delhi",
    "slug": "the-lalit-new-delhi",
    "description": "Luxury hotel with contemporary design and excellent service",
    "address": "Barakhamba Avenue",
    "city": "New Delhi",
    "state": "Delhi",
    "country": "India",
    "postal_code": "110001",
    "phone": "+91-11-4266-1234",
    "email": "reservations@thelalit.com",
    "website": "https://www.thelalit.com",
    "rating": "4.40",
    "review_count": 750,
    "price_per_night": "9000.00",
    "amenities": "Free WiFi, Swimming Pool, Spa, Gym, Multiple Restaurants, Bar, 24/7 Room Service",
    "is_active": true,
    "latitude": "28.630700",
    "longitude": "77.226300",
    "created_at": "2025-10-29T08:14:06.282Z",
    "updated_at": "2025-11-01T05:40:48.158Z",
    "nearby_hospitals": [
      2,
      3,
      5,
      8,
      24
    ]
  }
},
{
  "model": "hotels.hotel",
  "pk": 12,
  "fields": {
    "name": "Trident Nariman Point",
    "slug": "trident-nariman-point",
    "description": "Luxury hotel with stunning views of the Arabian Sea",
    "address": "C-56, Nariman Point",
    "city": "Mumbai",
    "state": "Maharashtra",
    "country": "India",
    "postal_code": "400021",
    "phone": "+91-22-6665-1234",
    "email": "reservations.mumbai@tridenthotels.com",
    "website": "https://www.tridenthotels.com",
    "rating": "4.60",
    "review_count": 920,
    "price_per_night": "11000.00",
    "amenities": "Free WiFi, Swimming Pool, Spa, Gym, Multiple Restaurants, Bar, 24/7 Room Service",
    "is_active": true,
    "latitude": "18.924700",
    "longitude": "72.822400",
    "created_at": "2025-10-29T08:14:06.299Z",
    "updated_at": "2025-11-01T05:39:03.889Z",
    "nearby_hospitals": [
      5,
      8,
      10,
      25
    ]
  }
},
{
  "model": "hotels.hotel",
  "pk": 13,
  "fields": {
    "name": "The Taj Mahal Palace",
    "slug": "the-taj-mahal-palace",
    "description": "Iconic luxury hotel with heritage architecture",
    "address": "Apollo Bunder",
    "city": "Mumbai",
    "state": "Maharashtra",
    "country": "India",
    "postal_code": "400039",
    "phone": "+91-22-6665-3366",
    "email": "reservations.tmpt@tajhotels.com",
    "website": "https://www.tajhotels.com",
    "rating": "4.80",
    "review_count": 1450,
    "price_per_night": "18000.00",
    "amenities": "Free WiFi, Swimming Pool, Spa, Gym, Multiple Restaurants, Bar, 24/7 Room Service",
    "is_active": true,
    "latitude": "18.922000",
    "longitude": "72.833500",
    "created_at": "2025-10-29T08:14:06.315Z",
    "updated_at": "2025-11-01T05:37:35.350Z",
    "nearby_hospitals": [
      1,
      3,
      5,
      8,
      10,
      21,
      24,
      25
    ]
  }
},
{
  "model": "hotels.hotel",
  "pk": 14,
  "fields": {
    "name": "The Park New Delhi",
    "slug": "the-park-new-delhi",
    "description": "Contemporary luxury hotel in the heart of Delhi",
    "address": "15, Park Street",
    "city": "New Delhi",
    "state": "Delhi",
    "country": "India",
    "postal_code": "110016",
    "phone": "+91-11-2687-1234",
    "email": "info@theparkhotels.com",
    "website": "https://www.theparkhotels.com",
    "rating": "4.30",
    "review_count": 680,
    "price_per_night": "7500.00",
    "amenities": "Free WiFi, Gym, Restaurant, Bar, 24/7 Room Service",
    "is_active": true,
    "latitude": "28.591000",
    "longitude": "77.237000",
    "created_at": "2025-10-29T08:14:06.330Z",
    "updated_at": "2025-11-01T05:41:50.229Z",
    "nearby_hospitals": [
      1,
      2,
      3,
      10,
      24,
      25
    ]
  }
},
{
  "model": "hotels.hotel",
  "pk": 15,
  "fields": {
    "name": "JW Marriott Pune",
    "slug": "jw-marriott-pune",
    "description": "Luxury hotel with modern amenities in Pune",
    "address": "Senapati Bapat Road",
    "city": "Pune",
    "state": "Maharashtra",
    "country": "India",
    "postal_code": "411016",
    "phone": "+91-20-6693-3456",
    "email": "jwmarriott.pune@marriott.com",
    "website": "https://www.marriott.com",
    "rating": "4.50",
    "review_count": 820,
    "price_per_night": "9500.00",
    "amenities": "Free WiFi, Swimming Pool, Spa, Gym, Multiple Restaurants, Bar, 24/7 Room Service",
    "is_active": true,
    "latitude": "18.533000",
    "longitude": "73.840400",
    "created_at": "2025-10-29T08:14:06.347Z",
    "updated_at": "2025-11-01T05:40:06.246Z",
    "nearby_hospitals": [
      1,
      5,
      8,
      21,
      24
    ]
  }
},
{
  "model": "hotels.hotelimage",
  "pk": 1,
  "fields": {
    "hotel": 7,
    "image": "",
    "image_url": "https://cf.bstatic.com/xdata/images/hotel/max1024x768/269476314.jpg?k=947be45d7c5867eb4513cdb7d78950694ec98a16330308ff513ef95896fd4602&o=",
    "caption": "",
    "is_primary": false,
    "created_at": "2025-10-31T15:06:13.405Z"
  }
},
{
  "model": "hotels.hotelimage",
  "pk": 2,
  "fields": {
    "hotel": 3,
    "image": "",
    "image_url": "https://www.mvisundre.com/uploads/6/5/0/5/65051685/background-images/186701376.jpg",
    "caption": "",
    "is_primary": false,
    "created_at": "2025-10-31T15:12:51.190Z"
  }
},
{
  "model": "hotels.hotelimage",
  "pk": 3,
  "fields": {
    "hotel": 13,
    "image": "",
    "image_url": "https://images.trvl-media.com/lodging/20000000/19460000/19458500/19458493/8cf0d468.jpg?impolicy=resizecrop&rw=575&rh=575&ra=fill",
    "caption": "",
    "is_primary": false,
    "created_at": "2025-10-31T15:13:08.884Z"
  }
},
{
  "model": "hotels.hotelimage",
  "pk": 4,
  "fields": {
    "hotel": 5,
    "image": "",
    "image_url": "https://content3.jdmagicbox.com/v2/comp/hyderabad/i3/040pxx40.xx40.200628185044.a1i3/catalogue/heritage-palace-musheerabad-hyderabad-hotels-bkl9yq6f9v.jpg",
    "caption": "",
    "is_primary": false,
    "created_at": "2025-10-31T15:13:24.683Z"
  }
},
{
  "model": "hotels.hotelimage",
  "pk": 5,
  "fields": {
    "hotel": 8,
    "image": "",
    "image_url": "https://cf.bstatic.com/xdata/images/hotel/max1024x768/713559046.jpg?k=b387147330a220a9025a4cab5bb39bed1b78ce0ed854fd8d6f3eb6e664eec846&o=",
    "caption": "",
    "is_primary": false,
    "created_at": "2025-10-31T15:13:45.943Z"
  }
},
{
  "model": "hotels.hotelimage",
  "pk": 6,
  "fields": {
    "hotel": 9,
    "image": "",
    "image_url": "https://cf.bstatic.com/xdata/images/hotel/max1024x768/336041746.jpg?k=81ca9e45244b4f17cb199c4ac73d2094446ebd17020c5c1425a44a23e860b562&o=",
    "caption": "",
    "is_primary": false,
    "created_at": "2025-10-31T15:14:02.924Z"
  }
},
{
  "model": "hotels.hotelimage",
  "pk": 7,
  "fields": {
    "hotel": 12,
    "image": "",
    "image_url": "https://www.trulyindiatours.com/wp-content/uploads/2021/09/8b275_Trident-Nariman-Point-8.jpg",
    "caption": "",
    "is_primary": false,
    "created_at": "2025-10-31T15:14:17.563Z"
  }
},
{
  "model": "hotels.hotelimage",
  "pk": 8,
  "fields": {
    "hotel": 1,
    "image": "",
    "image_url": "https://dynamic-media-cdn.tripadvisor.com/media/photo-o/05/d1/36/b7/time-grand-plaza-hotel.jpg?w=900&h=500&s=1",
    "caption": "",
    "is_primary": false,
    "created_at": "2025-10-31T15:14:31.709Z"
  }
},
{
  "model": "hotels.hotelimage",
  "pk": 9,
  "fields": {
    "hotel": 10,
    "image": "",
    "image_url": "https://dynamic-media-cdn.tripadvisor.com/media/photo-o/22/04/4d/0b/itc-maurya-a-luxury-collection.jpg?w=900&h=500&s=1",
    "caption": "",
    "is_primary": false,
    "created_at": "2025-10-31T15:14:46.757Z"
  }
},
{
  "model": "hotels.hotelimage",
  "pk": 10,
  "fields": {
    "hotel": 4,
    "image": "",
    "image_url": "https://q-xx.bstatic.com/xdata/images/hotel/max500/151873073.jpg?k=b232035dbffa710f0382ce09ccc98ff2ebd867f4e9966d8b7306ac47f4528719&o=",
    "caption": "",
    "is_primary": false,
    "created_at": "2025-10-31T15:15:05.274Z"
  }
},
{
  "model": "hotels.hotelimage",
  "pk": 11,
  "fields": {
    "hotel": 2,
    "image": "",
    "image_url": "https://images.adsttc.com/media/images/66a1/7a50/c8b7/c801/7ce1/9444/newsletter/a-seaside-resort-in-the-caribbean-and-a-secluded-hotel-in-italys-wine-region-8-unbuilt-resorts-submitted-by-the-archdail",
    "caption": "",
    "is_primary": false,
    "created_at": "2025-10-31T15:15:20.222Z"
  }
},
{
  "model": "hotels.hotelimage",
  "pk": 12,
  "fields": {
    "hotel": 6,
    "image": "",
    "image_url": "https://cf.bstatic.com/xdata/images/hotel/max1024x768/256484344.jpg?k=efcf4b6d38dbc9a0290849906afe69b824a99a88950906ab20e10a27d69521a1&o=",
    "caption": "",
    "is_primary": false,
    "created_at": "2025-10-31T15:15:33.897Z"
  }
},
{
  "model": "hotels.hotelimage",
  "pk": 13,
  "fields": {
    "hotel": 14,
    "image": "",
    "image_url": "https://www.theparkhotels.com/new-delhi/images/og-images/new-delhi/index_banner.jpg",
    "caption": "",
    "is_primary": false,
    "created_at": "2025-10-31T15:15:49.916Z"
  }
},
{
  "model": "hotels.hotelimage",
  "pk": 15,
  "fields": {
    "hotel": 11,
    "image": "",
    "image_url": "https://encrypted-tbn0.gstatic.com/images?q=tbn:ANd9GcTuTSjfM_mGRouG0woDnrj47JB2WXDnOJF-HA&s",
    "caption": "",
    "is_primary": false,
    "created_at": "2025-10-31T15:17:44.226Z"
  }
},
{
  "model": "hotels.hotelimage",
  "pk": 16,
  "fields": {
    "hotel": 15,
    "image": "",
    "image_url": "https://q-xx.bstatic.com/xdata/images/hotel/max500/652539333.jpg?k=98588d2a2e76ea36e12e5f4d6b7bf565b7a0295ba46a596c105629d8666634ee&o=",
    "caption": "",
    "is_primary": false,
    "created_at": "2025-10-31T15:18:12.117Z"
  }
},
{
  "model": "hotels.hotelbooking",
  "pk": 1,
  "fields": {
    "hotel": 13,
    "guest_name": "Tushar Singh",
    "guest_email": "tusharsinghkumar04@gmail.com",
    "guest_phone": "08851619647",
    "check_in_date": "2025-11-29",
    "check_out_date": "2025-12-30",
    "number_of_guests": 3,
    "number_of_rooms": 2,
    "special_requests": "",
    "total_amount": "1116000.00",
    "booking_status": "pending",
    "created_at": "2025-10-29T09:11:13.211Z",
    "updated_at": "2025-10-29T09:11:13.211Z"
  }
},
{
  "model": "hotels.hotelbooking",
  "pk": 2,
  "fields": {
    "hotel": 7,
    "guest_name": "Tushar Singh",
    "guest_email": "tusharsinghkumar04@gmail.com",
    "guest_phone": "08851619647",
    "check_in_date": "2025-12-30",
    "check_out_date": "2026-01-01",
    "number_of_guests": 1,
    "number_of_rooms": 1,
    "special_requests": "",
    "total_amount": "30000.00",
    "booking_status": "pending",
    "created_at": "2025-11-01T05:30:59.173Z",
    "updated_at": "2025-11-01T05:30:59.173Z"
  }
},
{
  "model": "hotels.hotelbooking",
  "pk": 3,
  "fields": {
    "hotel": 5,
    "guest_name": "Tushar singh",
    "guest_email": "saklanisahil@gmail.com",
    "guest_phone": "08851619647",
    "check_in_date": "2025-12-01",
    "check_out_date": "2026-01-02",
    "number_of_guests": 2,
    "number_of_rooms": 1,
    "special_requests": "",
    "total_amount": "304000.00",
    "booking_status": "pending",
    "created_at": "2025-11-01T05:56:33.469Z",
    "updated_at": "2025-11-01T05:56:33.469Z"
  }
},
{
  "model": "hotels.hotelbooking",
  "pk": 4,
  "fields": {
    "hotel": 13,
    "guest_name": "Tushar Singh",
    "guest_email": "tusharsinghkumar04@gmail.com",
    "guest_phone": "08851619647",
    "check_in_date": "2025-12-01",
    "check_out_date": "2026-01-01",
    "number_of_guests": 1,
    "number_of_rooms": 1,
    "special_requests": "",
    "total_amount": "558000.00",
    "booking_status": "pending",
    "created_at": "2025-11-01T10:38:56.465Z",
    "updated_at": "2025-11-01T10:38:56.466Z"
  }
},
{
  "model": "enquiry_bot.enquiry",
  "pk": 60,
  "fields": {
    "user": null,
    "name": "Guest",
    "email": "",
    "phone": "",
    "subject": "Chat Inquiry",
    "message": "hi",
    "status": "pending",
    "created_at": "2026-01-20T17:52:58.674Z",
    "updated_at": "2026-01-20T17:52:58.674Z",
    "is_resolved": false
  }
},
{
  "model": "enquiry_bot.enquiry",
  "pk": 61,
  "fields": {
    "user": null,
    "name": "tusharsinghkumar02",
    "email": "tusharsinghkumar02@gmail.com",
    "phone": "",
    "subject": "Chat Inquiry",
    "message": "How do I book an appointment?",
    "status": "pending",
    "created_at": "2026-05-03T15:37:28.794Z",
    "updated_at": "2026-05-03T15:37:28.794Z",
    "is_resolved": false
  }
},
{
  "model": "enquiry_bot.enquiry",
  "pk": 62,
  "fields": {
    "user": null,
    "name": "tusharsinghkumar02",
    "email": "tusharsinghkumar02@gmail.com",
    "phone": "",
    "subject": "Chat Inquiry",
    "message": "How do I book an appointment?",
    "status": "pending",
    "created_at": "2026-05-03T15:37:28.789Z",
    "updated_at": "2026-05-03T15:37:28.789Z",
    "is_resolved": false
  }
},
{
  "model": "enquiry_bot.enquiry",
  "pk": 63,
  "fields": {
    "user": null,
    "name": "tusharsinghkumar02",
    "email": "tusharsinghkumar02@gmail.com",
    "phone": "",
    "subject": "Chat Inquiry",
    "message": "Tell me about hospitals",
    "status": "pending",
    "created_at": "2026-05-03T15:37:32.089Z",
    "updated_at": "2026-05-03T15:37:32.089Z",
    "is_resolved": false
  }
},
{
  "model": "enquiry_bot.enquiry",
  "pk": 64,
  "fields": {
    "user": null,
    "name": "tusharsinghkumar02",
    "email": "tusharsinghkumar02@gmail.com",
    "phone": "",
    "subject": "Chat Inquiry",
    "message": "Tell me about hospitals",
    "status": "pending",
    "created_at": "2026-05-03T15:40:47.669Z",
    "updated_at": "2026-05-03T15:40:47.669Z",
    "is_resolved": false
  }
},
{
  "model": "enquiry_bot.enquiry",
  "pk": 65,
  "fields": {
    "user": null,
    "name": "tusharsinghkumar02",
    "email": "tusharsinghkumar02@gmail.com",
    "phone": "",
    "subject": "Chat Inquiry",
    "message": "Tell me about medical tourism",
    "status": "pending",
    "created_at": "2026-05-03T15:40:49.866Z",
    "updated_at": "2026-05-03T15:40:49.866Z",
    "is_resolved": false
  }
},
{
  "model": "enquiry_bot.faq",
  "pk": 1,
  "fields": {
    "question": "What services does TakeOpinion offer?",
    "answer": "TakeOpinion offers a comprehensive healthcare platform with doctor consultations, hospital information, treatment details, appointment scheduling, patient portal with medical history, feedback system, hotel accommodations near hospitals, and payment integration.",
    "category": "General",
    "is_active": true,
    "created_at": "2026-01-13T04:14:09.271Z"
  }
},
{
  "model": "enquiry_bot.faq",
  "pk": 2,
  "fields": {
    "question": "How do I book an appointment?",
    "answer": "Booking appointments on TakeOpinion is simple: 1. Search for doctors or hospitals, 2. Select your preferred date and time, 3. Fill in your details, 4. Confirm your booking, 5. Receive confirmation via email/SMS. You can also manage your appointments through your patient portal.",
    "category": "General",
    "is_active": true,
    "created_at": "2026-01-13T04:14:09.300Z"
  }
},
{
  "model": "enquiry_bot.faq",
  "pk": 3,
  "fields": {
    "question": "How can I find doctors?",
    "answer": "Our platform provides detailed doctor profiles with qualifications, specialties, experience, awards, languages spoken, and patient reviews. You can search for doctors by specialty, location, or hospital affiliation from our Doctors section.",
    "category": "General",
    "is_active": true,
    "created_at": "2026-01-13T04:14:09.333Z"
  }
},
{
  "model": "enquiry_bot.faq",
  "pk": 4,
  "fields": {
    "question": "What hospitals are available on the platform?",
    "answer": "We offer comprehensive hospital information including facilities, specialties, awards, patient reviews, and booking options. You can search for hospitals by location, specialty, or specific treatments offered, and our platform provides hospital comparisons to help you make informed decisions.",
    "category": "General",
    "is_active": true,
    "created_at": "2026-01-13T04:14:09.362Z"
  }
},
{
  "model": "enquiry_bot.faq",
  "pk": 5,
  "fields": {
    "question": "How does payment work?",
    "answer": "TakeOpinion integrates secure payment gateways including Razorpay and Stripe for convenient transactions. We offer transparent pricing for appointments and treatments. Payment options include credit/debit cards, net banking, UPI, and wallets.",
    "category": "General",
    "is_active": true,
    "created_at": "2026-01-13T04:14:09.389Z"
  }
},
{
  "model": "enquiry_bot.chatmessage",
  "pk": 133,
  "fields": {
    "enquiry": 60,
    "sender_type": "user",
    "message": "hi",
    "timestamp": "2026-01-20T17:52:58.693Z",
    "is_read": false
  }
},
{
  "model": "enquiry_bot.chatmessage",
  "pk": 134,
  "fields": {
    "enquiry": 60,
    "sender_type": "bot",
    "message": "Hello! I'm your TakeOpinion assistant. I can help you with:\n• Finding hospitals, doctors, and treatments\n• Analyzing medical reports (upload using the button)\n• Getting information about pricing and support\n• Booking appointments and consultations\n• Learning about our medical tourism services\nWhat would you like to know?",
    "timestamp": "2026-01-20T17:52:58.707Z",
    "is_read": false
  }
},
{
  "model": "enquiry_bot.chatmessage",
  "pk": 135,
  "fields": {
    "enquiry": 60,
    "sender_type": "user",
    "message": "What services do you offer?",
    "timestamp": "2026-01-20T17:53:04.104Z",
    "is_read": false
  }
},
{
  "model": "enquiry_bot.chatmessage",
  "pk": 136,
  "fields": {
    "enquiry": 60,
    "sender_type": "bot",
    "message": "TakeOpinion offers a comprehensive healthcare platform with these services:\n\n• Doctor consultations and profiles with detailed information\n• Hospital information and booking with comparisons\n• Medical treatment details with success rates and costs\n• Appointment scheduling and management\n• Patient portal with medical history tracking\n• Feedback and review system\n• Medical tourism support including hotel booking\n• Secure payment integration\n\nWhat specific service would you like to know more about?",
    "timestamp": "2026-01-20T17:53:04.126Z",
    "is_read": false
  }
},
{
  "model": "enquiry_bot.chatmessage",
  "pk": 137,
  "fields": {
    "enquiry": 60,
    "sender_type": "user",
    "message": "How do I book an appointment?",
    "timestamp": "2026-01-20T17:53:08.044Z",
    "is_read": false
  }
},
{
  "model": "enquiry_bot.chatmessage",
  "pk": 138,
  "fields": {
    "enquiry": 60,
    "sender_type": "bot",
    "message": "Our appointment scheduling system is designed for convenience:\n\n• Online booking with real-time availability\n• Option to reschedule or cancel appointments\n• Automated reminders via SMS and email\n• Video consultation options available\n• Priority booking for returning patients\n• Emergency appointment slots reserved\n\nYou can manage all your appointments through your patient dashboard. We recommend booking at least 24 hours in advance for non-emergency consultations.",
    "timestamp": "2026-01-20T17:53:08.101Z",
    "is_read": false
  }
},
{
  "model": "enquiry_bot.chatmessage",
  "pk": 139,
  "fields": {
    "enquiry": 60,
    "sender_type": "user",
    "message": "Tell me about doctors",
    "timestamp": "2026-01-20T17:53:18.421Z",
    "is_read": false
  }
},
{
  "model": "enquiry_bot.chatmessage",
  "pk": 140,
  "fields": {
    "enquiry": 60,
    "sender_type": "bot",
    "message": "Our platform provides detailed doctor profiles with qualifications, specialties, experience, awards, languages spoken, and patient reviews. Would you like to know how to search for doctors or book a consultation?",
    "timestamp": "2026-01-20T17:53:18.485Z",
    "is_read": false
  }
},
{
  "model": "enquiry_bot.chatmessage",
  "pk": 141,
  "fields": {
    "enquiry": 60,
    "sender_type": "user",
    "message": "Tell me about hospitals",
    "timestamp": "2026-01-20T17:53:25.334Z",
    "is_read": false
  }
},
{
  "model": "enquiry_bot.chatmessage",
  "pk": 142,
  "fields": {
    "enquiry": 60,
    "sender_type": "bot",
    "message": "We offer comprehensive hospital information including facilities, specialties, awards, patient reviews, and booking options. Our verified hospitals include MediCare Heart Institute, OrthoPlus Joint Center, and Indraprastha Apollo Hospitals.",
    "timestamp": "2026-01-20T17:53:25.401Z",
    "is_read": false
  }
},
{
  "model": "enquiry_bot.chatmessage",
  "pk": 143,
  "fields": {
    "enquiry": 60,
    "sender_type": "user",
    "message": "How do payments work?",
    "timestamp": "2026-01-20T17:53:27.251Z",
    "is_read": false
  }
},
{
  "model": "enquiry_bot.chatmessage",
  "pk": 144,
  "fields": {
    "enquiry": 60,
    "sender_type": "bot",
    "message": "TakeOpinion integrates secure payment gateways including Razorpay and Stripe for convenient transactions. We offer transparent pricing with our best price guarantee. Payment options include credit/debit cards, net banking, UPI, and wallets. For detailed pricing of specific services, please contact our support team or check the respective service page.",
    "timestamp": "2026-01-20T17:53:27.317Z",
    "is_read": false
  }
},
{
  "model": "enquiry_bot.chatmessage",
  "pk": 145,
  "fields": {
    "enquiry": 60,
    "sender_type": "user",
    "message": "Contact support",
    "timestamp": "2026-01-20T17:53:31.838Z",
    "is_read": false
  }
},
{
  "model": "enquiry_bot.chatmessage",
  "pk": 146,
  "fields": {
    "enquiry": 60,
    "sender_type": "bot",
    "message": "TakeOpinion offers 24/7 customer support through multiple channels:\n\n• Email: support@takeopinion.com\n• Phone: +91-XXX-XXX-XXXX (Available 24/7)\n• Live chat: Available on our website\n• WhatsApp: Coming soon\n• Help Center: Detailed articles and tutorials\n\nOur support team is trained to assist with medical queries, appointment scheduling, platform navigation, and post-treatment care. We aim to respond to all queries within 2 hours.",
    "timestamp": "2026-01-20T17:53:31.859Z",
    "is_read": false
  }
},
{
  "model": "enquiry_bot.chatmessage",
  "pk": 147,
  "fields": {
    "enquiry": 61,
    "sender_type": "user",
    "message": "How do I book an appointment?",
    "timestamp": "2026-05-03T15:37:28.830Z",
    "is_read": false
  }
},
{
  "model": "enquiry_bot.chatmessage",
  "pk": 148,
  "fields": {
    "enquiry": 61,
    "sender_type": "bot",
    "message": "Our appointment scheduling system is designed for convenience:\n\n• Online booking with real-time availability\n• Option to reschedule or cancel appointments\n• Automated reminders via SMS and email\n• Video consultation options available\n• Priority booking for returning patients\n• Emergency appointment slots reserved\n\nYou can manage all your appointments through your patient dashboard. We recommend booking at least 24 hours in advance for non-emergency consultations.",
    "timestamp": "2026-05-03T15:37:28.869Z",
    "is_read": false
  }
},
{
  "model": "enquiry_bot.chatmessage",
  "pk": 149,
  "fields": {
    "enquiry": 62,
    "sender_type": "user",
    "message": "How do I book an appointment?",
    "timestamp": "2026-05-03T15:37:28.912Z",
    "is_read": false
  }
},
{
  "model": "enquiry_bot.chatmessage",
  "pk": 150,
  "fields": {
    "enquiry": 62,
    "sender_type": "bot",
    "message": "Our appointment scheduling system is designed for convenience:\n\n• Online booking with real-time availability\n• Option to reschedule or cancel appointments\n• Automated reminders via SMS and email\n• Video consultation options available\n• Priority booking for returning patients\n• Emergency appointment slots reserved\n\nYou can manage all your appointments through your patient dashboard. We recommend booking at least 24 hours in advance for non-emergency consultations.",
    "timestamp": "2026-05-03T15:37:28.926Z",
    "is_read": false
  }
},
{
  "model": "enquiry_bot.chatmessage",
  "pk": 151,
  "fields": {
    "enquiry": 63,
    "sender_type": "user",
    "message": "Tell me about hospitals",
    "timestamp": "2026-05-03T15:37:32.127Z",
    "is_read": false
  }
},
{
  "model": "enquiry_bot.chatmessage",
  "pk": 152,
  "fields": {
    "enquiry": 63,
    "sender_type": "bot",
    "message": "We offer comprehensive hospital information including facilities, specialties, awards, patient reviews, and booking options. Our verified hospitals include MediCare Heart Institute, OrthoPlus Joint Center, and Indraprastha Apollo Hospitals.",
    "timestamp": "2026-05-03T15:37:32.161Z",
    "is_read": false
  }
},
{
  "model": "enquiry_bot.chatmessage",
  "pk": 153,
  "fields": {
    "enquiry": 62,
    "sender_type": "user",
    "message": "Tell me about hospitals",
    "timestamp": "2026-05-03T15:37:32.101Z",
    "is_read": false
  }
},
{
  "model": "enquiry_bot.chatmessage",
  "pk": 154,
  "fields": {
    "enquiry": 62,
    "sender_type": "bot",
    "message": "We offer comprehensive hospital information including facilities, specialties, awards, patient reviews, and booking options. Our verified hospitals include MediCare Heart Institute, OrthoPlus Joint Center, and Indraprastha Apollo Hospitals.",
    "timestamp": "2026-05-03T15:37:32.252Z",
    "is_read": false
  }
},
{
  "model": "enquiry_bot.chatmessage",
  "pk": 155,
  "fields": {
    "enquiry": 64,
    "sender_type": "user",
    "message": "Tell me about hospitals",
    "timestamp": "2026-05-03T15:40:47.685Z",
    "is_read": false
  }
},
{
  "model": "enquiry_bot.chatmessage",
  "pk": 156,
  "fields": {
    "enquiry": 64,
    "sender_type": "bot",
    "message": "We offer comprehensive hospital information including facilities, specialties, awards, patient reviews, and booking options. Our verified hospitals include MediCare Heart Institute, OrthoPlus Joint Center, and Indraprastha Apollo Hospitals.",
    "timestamp": "2026-05-03T15:40:47.711Z",
    "is_read": false
  }
},
{
  "model": "enquiry_bot.chatmessage",
  "pk": 157,
  "fields": {
    "enquiry": 65,
    "sender_type": "user",
    "message": "Tell me about medical tourism",
    "timestamp": "2026-05-03T15:40:49.899Z",
    "is_read": false
  }
},
{
  "model": "enquiry_bot.chatmessage",
  "pk": 158,
  "fields": {
    "enquiry": 65,
    "sender_type": "bot",
    "message": "TakeOpinion provides specialized services for international patients:\n\n• Medical visa assistance and documentation\n• Airport pickup and drop services\n• Language interpretation and translation\n• Hotel and accommodation arrangements\n• City tour and local support\n• Currency exchange guidance\n• Follow-up care coordination\n\nOur medical tourism package includes comprehensive support throughout your treatment journey. We partner with leading hospitals and hotels to ensure a comfortable experience.",
    "timestamp": "2026-05-03T15:40:49.917Z",
    "is_read": false
  }
},
{
  "model": "admin.logentry",
  "pk": 5,
  "fields": {
    "action_time": "2025-09-22T08:21:22.961Z",
    "user": [
      "cool"
    ],
    "content_type": [
      "treatments",
      "treatment"
    ],
    "object_id": "4",
    "object_repr": "AIDS",
    "action_flag": 1,
    "change_message": "[{\"added\": {}}]"
  }
},
{
  "model": "admin.logentry",
  "pk": 6,
  "fields": {
    "action_time": "2025-09-22T08:25:36.850Z",
    "user": [
      "cool"
    ],
    "content_type": [
      "treatments",
      "treatment"
    ],
    "object_id": "5",
    "object_repr": "Diabetes",
    "action_flag": 1,
    "change_message": "[{\"added\": {}}]"
  }
},
{
  "model": "admin.logentry",
  "pk": 7,
  "fields": {
    "action_time": "2025-09-22T08:44:21.314Z",
    "user": [
      "cool"
    ],
    "content_type": [
      "treatments",
      "treatmentcategory"
    ],
    "object_id": "4",
    "object_repr": "Surgery (Medical Treatments)",
    "action_flag": 1,
    "change_message": "[{\"added\": {}}]"
  }
},
{
  "model": "admin.logentry",
  "pk": 8,
  "fields": {
    "action_time": "2025-09-22T08:44:36.693Z",
    "user": [
      "cool"
    ],
    "content_type": [
      "treatments",
      "treatment"
    ],
    "object_id": "5",
    "object_repr": "Diabetes",
    "action_flag": 2,
    "change_message": "[{\"changed\": {\"fields\": [\"Category\"]}}]"
  }
},
{
  "model": "admin.logentry",
  "pk": 9,
  "fields": {
    "action_time": "2025-09-23T10:36:23.433Z",
    "user": [
      "cool"
    ],
    "content_type": [
      "blogs",
      "blogpost"
    ],
    "object_id": "5",
    "object_repr": "Cure Of the Diabetes",
    "action_flag": 1,
    "change_message": "[{\"added\": {}}]"
  }
},
{
  "model": "admin.logentry",
  "pk": 10,
  "fields": {
    "action_time": "2025-09-23T11:09:21.716Z",
    "user": [
      "cool"
    ],
    "content_type": [
      "core",
      "state"
    ],
    "object_id": "4",
    "object_repr": "Delhi, IN",
    "action_flag": 1,
    "change_message": "[{\"added\": {}}]"
  }
},
{
  "model": "admin.logentry",
  "pk": 11,
  "fields": {
    "action_time": "2025-09-23T11:11:21.956Z",
    "user": [
      "cool"
    ],
    "content_type": [
      "hospitals",
      "hospital"
    ],
    "object_id": "4",
    "object_repr": "Apollo Hospital",
    "action_flag": 1,
    "change_message": "[{\"added\": {}}, {\"added\": {\"name\": \"hospital media\", \"object\": \"Media for Apollo Hospital\"}}]"
  }
},
{
  "model": "admin.logentry",
  "pk": 12,
  "fields": {
    "action_time": "2025-09-23T11:15:33.143Z",
    "user": [
      "cool"
    ],
    "content_type": [
      "hospitals",
      "hospitalmedia"
    ],
    "object_id": "3",
    "object_repr": "Media for Apollo Hospital",
    "action_flag": 2,
    "change_message": "[{\"changed\": {\"fields\": [\"Image url\"]}}]"
  }
},
{
  "model": "admin.logentry",
  "pk": 13,
  "fields": {
    "action_time": "2025-09-23T11:20:23.074Z",
    "user": [
      "cool"
    ],
    "content_type": [
      "hospitals",
      "hospitalmedia"
    ],
    "object_id": "3",
    "object_repr": "Media for Apollo Hospital",
    "action_flag": 2,
    "change_message": "[]"
  }
},
{
  "model": "admin.logentry",
  "pk": 14,
  "fields": {
    "action_time": "2025-09-23T11:32:16.444Z",
    "user": [
      "cool"
    ],
    "content_type": [
      "doctors",
      "doctor"
    ],
    "object_id": "3",
    "object_repr": "Dr. Smith Test",
    "action_flag": 2,
    "change_message": "[{\"changed\": {\"fields\": [\"Experience years\", \"Treatments\", \"Hospitals\", \"Awards\"]}}]"
  }
},
{
  "model": "admin.logentry",
  "pk": 15,
  "fields": {
    "action_time": "2025-09-23T11:36:10.423Z",
    "user": [
      "cool"
    ],
    "content_type": [
      "hospitals",
      "hospitalmedia"
    ],
    "object_id": "3",
    "object_repr": "Media for Apollo Hospital",
    "action_flag": 2,
    "change_message": "[]"
  }
},
{
  "model": "admin.logentry",
  "pk": 16,
  "fields": {
    "action_time": "2025-09-23T11:42:37.709Z",
    "user": [
      "cool"
    ],
    "content_type": [
      "hospitals",
      "hospital"
    ],
    "object_id": "4",
    "object_repr": "Apollo Hospital",
    "action_flag": 2,
    "change_message": "[{\"deleted\": {\"name\": \"hospital media\", \"object\": \"Media for Apollo Hospital\"}}]"
  }
},
{
  "model": "admin.logentry",
  "pk": 17,
  "fields": {
    "action_time": "2025-09-23T11:44:02.902Z",
    "user": [
      "cool"
    ],
    "content_type": [
      "hospitals",
      "hospital"
    ],
    "object_id": "4",
    "object_repr": "Apollo Hospital",
    "action_flag": 2,
    "change_message": "[{\"added\": {\"name\": \"hospital media\", \"object\": \"Media for Apollo Hospital\"}}]"
  }
},
{
  "model": "admin.logentry",
  "pk": 18,
  "fields": {
    "action_time": "2025-09-23T11:44:42.285Z",
    "user": [
      "cool"
    ],
    "content_type": [
      "hospitals",
      "hospital"
    ],
    "object_id": "4",
    "object_repr": "Apollo Hospital",
    "action_flag": 2,
    "change_message": "[{\"changed\": {\"name\": \"hospital media\", \"object\": \"Media for Apollo Hospital\", \"fields\": [\"Image url\"]}}]"
  }
},
{
  "model": "admin.logentry",
  "pk": 19,
  "fields": {
    "action_time": "2025-09-23T11:47:55.107Z",
    "user": [
      "cool"
    ],
    "content_type": [
      "hospitals",
      "hospital"
    ],
    "object_id": "4",
    "object_repr": "Apollo Hospital",
    "action_flag": 2,
    "change_message": "[{\"changed\": {\"name\": \"hospital media\", \"object\": \"Media for Apollo Hospital\", \"fields\": [\"Image url\"]}}]"
  }
},
{
  "model": "admin.logentry",
  "pk": 20,
  "fields": {
    "action_time": "2025-09-23T11:48:25.719Z",
    "user": [
      "cool"
    ],
    "content_type": [
      "hospitals",
      "hospital"
    ],
    "object_id": "4",
    "object_repr": "Apollo Hospital",
    "action_flag": 2,
    "change_message": "[{\"changed\": {\"fields\": [\"Is takeopinion choice\"]}}, {\"changed\": {\"name\": \"hospital media\", \"object\": \"Media for Apollo Hospital\", \"fields\": [\"Video url\"]}}]"
  }
},
{
  "model": "admin.logentry",
  "pk": 21,
  "fields": {
    "action_time": "2025-09-23T11:51:04.896Z",
    "user": [
      "cool"
    ],
    "content_type": [
      "hospitals",
      "hospital"
    ],
    "object_id": "4",
    "object_repr": "Apollo Hospital",
    "action_flag": 2,
    "change_message": "[{\"added\": {\"name\": \"hospital media\", \"object\": \"Media for Apollo Hospital\"}}]"
  }
},
{
  "model": "admin.logentry",
  "pk": 22,
  "fields": {
    "action_time": "2025-09-23T11:58:34.165Z",
    "user": [
      "cool"
    ],
    "content_type": [
      "hospitals",
      "hospital"
    ],
    "object_id": "4",
    "object_repr": "Apollo Hospital",
    "action_flag": 2,
    "change_message": "[{\"changed\": {\"name\": \"hospital media\", \"object\": \"Media for Apollo Hospital\", \"fields\": [\"Image url\"]}}, {\"changed\": {\"name\": \"hospital media\", \"object\": \"Media for Apollo Hospital\", \"fields\": [\"Image url\"]}}]"
  }
},
{
  "model": "admin.logentry",
  "pk": 23,
  "fields": {
    "action_time": "2025-09-23T12:05:20.352Z",
    "user": [
      "cool"
    ],
    "content_type": [
      "hospitals",
      "hospital"
    ],
    "object_id": "4",
    "object_repr": "Apollo Hospital",
    "action_flag": 2,
    "change_message": "[{\"added\": {\"name\": \"hospital media\", \"object\": \"Media for Apollo Hospital\"}}, {\"deleted\": {\"name\": \"hospital media\", \"object\": \"Media for Apollo Hospital\"}}, {\"deleted\": {\"name\": \"hospital media\", \"object\": \"Media for Apollo Hospital\"}}]"
  }
},
{
  "model": "admin.logentry",
  "pk": 24,
  "fields": {
    "action_time": "2025-09-23T12:08:48.668Z",
    "user": [
      "cool"
    ],
    "content_type": [
      "hospitals",
      "hospital"
    ],
    "object_id": "4",
    "object_repr": "Apollo Hospital",
    "action_flag": 2,
    "change_message": "[{\"added\": {\"name\": \"hospital media\", \"object\": \"Media for Apollo Hospital\"}}]"
  }
},
{
  "model": "admin.logentry",
  "pk": 25,
  "fields": {
    "action_time": "2025-09-23T12:09:50.053Z",
    "user": [
      "cool"
    ],
    "content_type": [
      "hospitals",
      "hospital"
    ],
    "object_id": "4",
    "object_repr": "Apollo Hospital",
    "action_flag": 2,
    "change_message": "[{\"deleted\": {\"name\": \"hospital media\", \"object\": \"Media for Apollo Hospital\"}}, {\"deleted\": {\"name\": \"hospital media\", \"object\": \"Media for Apollo Hospital\"}}]"
  }
},
{
  "model": "admin.logentry",
  "pk": 26,
  "fields": {
    "action_time": "2025-09-23T12:10:24.889Z",
    "user": [
      "cool"
    ],
    "content_type": [
      "hospitals",
      "hospital"
    ],
    "object_id": "4",
    "object_repr": "Apollo Hospital",
    "action_flag": 2,
    "change_message": "[{\"added\": {\"name\": \"hospital media\", \"object\": \"Media for Apollo Hospital\"}}]"
  }
},
{
  "model": "admin.logentry",
  "pk": 27,
  "fields": {
    "action_time": "2025-09-23T12:11:36.064Z",
    "user": [
      "cool"
    ],
    "content_type": [
      "hospitals",
      "hospital"
    ],
    "object_id": "4",
    "object_repr": "Apollo Hospital",
    "action_flag": 2,
    "change_message": "[{\"added\": {\"name\": \"hospital media\", \"object\": \"Media for Apollo Hospital\"}}, {\"added\": {\"name\": \"hospital media\", \"object\": \"Media for Apollo Hospital\"}}, {\"changed\": {\"name\": \"hospital media\", \"object\": \"Media for Apollo Hospital\", \"fields\": [\"Video url\"]}}]"
  }
},
{
  "model": "admin.logentry",
  "pk": 28,
  "fields": {
    "action_time": "2025-09-23T12:21:37.752Z",
    "user": [
      "cool"
    ],
    "content_type": [
      "doctors",
      "doctormedia"
    ],
    "object_id": "1",
    "object_repr": "Media for Dr. Arjun Mehta",
    "action_flag": 1,
    "change_message": "[{\"added\": {}}]"
  }
},
{
  "model": "admin.logentry",
  "pk": 29,
  "fields": {
    "action_time": "2025-09-23T12:24:20.168Z",
    "user": [
      "cool"
    ],
    "content_type": [
      "doctors",
      "doctor"
    ],
    "object_id": "1",
    "object_repr": "Dr. Arjun Mehta",
    "action_flag": 2,
    "change_message": "[{\"changed\": {\"fields\": [\"Specialization\", \"Awards\"]}}]"
  }
},
{
  "model": "admin.logentry",
  "pk": 30,
  "fields": {
    "action_time": "2025-09-23T12:41:48.252Z",
    "user": [
      "cool"
    ],
    "content_type": [
      "doctors",
      "doctor"
    ],
    "object_id": "3",
    "object_repr": "Dr. Smith Test",
    "action_flag": 2,
    "change_message": "[{\"changed\": {\"fields\": [\"Specialization\", \"Profile picture\", \"Medical license number\"]}}]"
  }
},
{
  "model": "admin.logentry",
  "pk": 31,
  "fields": {
    "action_time": "2025-09-23T13:00:38.640Z",
    "user": [
      "cool"
    ],
    "content_type": [
      "accounts",
      "userprofile"
    ],
    "object_id": "2",
    "object_repr": "tusharsinghkumar04@gmail.com - doctor",
    "action_flag": 2,
    "change_message": "[{\"changed\": {\"fields\": [\"Profile picture\"]}}]"
  }
},
{
  "model": "admin.logentry",
  "pk": 32,
  "fields": {
    "action_time": "2025-09-23T13:14:24.273Z",
    "user": [
      "cool"
    ],
    "content_type": [
      "accounts",
      "userprofile"
    ],
    "object_id": "5",
    "object_repr": "test_user_complete - patient",
    "action_flag": 3,
    "change_message": ""
  }
},
{
  "model": "admin.logentry",
  "pk": 33,
  "fields": {
    "action_time": "2025-09-23T13:14:24.294Z",
    "user": [
      "cool"
    ],
    "content_type": [
      "accounts",
      "userprofile"
    ],
    "object_id": "4",
    "object_repr": "test_user_no_patient_details - patient",
    "action_flag": 3,
    "change_message": ""
  }
},
{
  "model": "admin.logentry",
  "pk": 34,
  "fields": {
    "action_time": "2025-09-23T13:14:24.312Z",
    "user": [
      "cool"
    ],
    "content_type": [
      "accounts",
      "userprofile"
    ],
    "object_id": "2",
    "object_repr": "tusharsinghkumar04@gmail.com - doctor",
    "action_flag": 3,
    "change_message": ""
  }
},
{
  "model": "admin.logentry",
  "pk": 35,
  "fields": {
    "action_time": "2025-09-23T13:16:09.222Z",
    "user": [
      "cool"
    ],
    "content_type": [
      "hospitals",
      "hospital"
    ],
    "object_id": "4",
    "object_repr": "Apollo Hospital",
    "action_flag": 2,
    "change_message": "[{\"changed\": {\"fields\": [\"Profile picture\"]}}]"
  }
},
{
  "model": "admin.logentry",
  "pk": 36,
  "fields": {
    "action_time": "2025-09-23T14:00:17.760Z",
    "user": [
      "cool"
    ],
    "content_type": [
      "accounts",
      "userprofile"
    ],
    "object_id": "6",
    "object_repr": "tusharsinghkumar04 - doctor",
    "action_flag": 3,
    "change_message": ""
  }
},
{
  "model": "admin.logentry",
  "pk": 37,
  "fields": {
    "action_time": "2025-09-23T14:00:17.810Z",
    "user": [
      "cool"
    ],
    "content_type": [
      "accounts",
      "userprofile"
    ],
    "object_id": "3",
    "object_repr": "Sonu kumar - patient",
    "action_flag": 3,
    "change_message": ""
  }
},
{
  "model": "admin.logentry",
  "pk": 38,
  "fields": {
    "action_time": "2025-09-23T14:01:07.601Z",
    "user": [
      "cool"
    ],
    "content_type": [
      "auth",
      "user"
    ],
    "object_id": "5",
    "object_repr": "Sonu kumar",
    "action_flag": 3,
    "change_message": ""
  }
},
{
  "model": "admin.logentry",
  "pk": 39,
  "fields": {
    "action_time": "2025-09-23T14:01:07.671Z",
    "user": [
      "cool"
    ],
    "content_type": [
      "auth",
      "user"
    ],
    "object_id": "8",
    "object_repr": "test_user_complete",
    "action_flag": 3,
    "change_message": ""
  }
},
{
  "model": "admin.logentry",
  "pk": 40,
  "fields": {
    "action_time": "2025-09-23T14:01:07.699Z",
    "user": [
      "cool"
    ],
    "content_type": [
      "auth",
      "user"
    ],
    "object_id": "7",
    "object_repr": "test_user_no_patient_details",
    "action_flag": 3,
    "change_message": ""
  }
},
{
  "model": "admin.logentry",
  "pk": 41,
  "fields": {
    "action_time": "2025-09-23T14:01:07.729Z",
    "user": [
      "cool"
    ],
    "content_type": [
      "auth",
      "user"
    ],
    "object_id": "6",
    "object_repr": "test_user_no_profile",
    "action_flag": 3,
    "change_message": ""
  }
},
{
  "model": "admin.logentry",
  "pk": 42,
  "fields": {
    "action_time": "2025-09-23T14:01:07.759Z",
    "user": [
      "cool"
    ],
    "content_type": [
      "auth",
      "user"
    ],
    "object_id": "9",
    "object_repr": "tusharsinghkumar04",
    "action_flag": 3,
    "change_message": ""
  }
},
{
  "model": "admin.logentry",
  "pk": 43,
  "fields": {
    "action_time": "2025-09-23T14:01:07.787Z",
    "user": [
      "cool"
    ],
    "content_type": [
      "auth",
      "user"
    ],
    "object_id": "4",
    "object_repr": "tusharsinghkumar04@gmail.com",
    "action_flag": 3,
    "change_message": ""
  }
},
{
  "model": "admin.logentry",
  "pk": 44,
  "fields": {
    "action_time": "2025-09-23T14:01:29.750Z",
    "user": [
      "cool"
    ],
    "content_type": [
      "auth",
      "user"
    ],
    "object_id": "3",
    "object_repr": "cool",
    "action_flag": 2,
    "change_message": "[{\"changed\": {\"fields\": [\"First name\", \"Last name\", \"Email address\", \"User permissions\"]}}]"
  }
},
{
  "model": "admin.logentry",
  "pk": 45,
  "fields": {
    "action_time": "2025-09-23T14:02:03.365Z",
    "user": [
      "cool"
    ],
    "content_type": [
      "auth",
      "user"
    ],
    "object_id": "2",
    "object_repr": "admin",
    "action_flag": 2,
    "change_message": "[{\"changed\": {\"fields\": [\"First name\", \"Last name\", \"Email address\", \"User permissions\"]}}]"
  }
},
{
  "model": "admin.logentry",
  "pk": 46,
  "fields": {
    "action_time": "2025-09-23T14:05:05.344Z",
    "user": [
      "cool"
    ],
    "content_type": [
      "auth",
      "user"
    ],
    "object_id": "10",
    "object_repr": "tusharsinghkumar04",
    "action_flag": 1,
    "change_message": "[{\"added\": {}}]"
  }
},
{
  "model": "admin.logentry",
  "pk": 47,
  "fields": {
    "action_time": "2025-09-23T14:08:36.186Z",
    "user": [
      "cool"
    ],
    "content_type": [
      "auth",
      "user"
    ],
    "object_id": "10",
    "object_repr": "tusharsinghkumar04",
    "action_flag": 2,
    "change_message": "[{\"changed\": {\"fields\": [\"Active\"]}}]"
  }
},
{
  "model": "admin.logentry",
  "pk": 48,
  "fields": {
    "action_time": "2025-09-23T14:32:52.183Z",
    "user": [
      "cool"
    ],
    "content_type": [
      "doctors",
      "doctormedia"
    ],
    "object_id": "9",
    "object_repr": "Media for Dr. Arjun Mehta",
    "action_flag": 3,
    "change_message": ""
  }
},
{
  "model": "admin.logentry",
  "pk": 49,
  "fields": {
    "action_time": "2025-09-23T14:32:52.232Z",
    "user": [
      "cool"
    ],
    "content_type": [
      "doctors",
      "doctormedia"
    ],
    "object_id": "7",
    "object_repr": "Media for Dr. Arjun Mehta",
    "action_flag": 3,
    "change_message": ""
  }
},
{
  "model": "admin.logentry",
  "pk": 50,
  "fields": {
    "action_time": "2025-09-23T14:32:52.261Z",
    "user": [
      "cool"
    ],
    "content_type": [
      "doctors",
      "doctormedia"
    ],
    "object_id": "6",
    "object_repr": "Media for Dr. Arjun Mehta",
    "action_flag": 3,
    "change_message": ""
  }
},
{
  "model": "admin.logentry",
  "pk": 51,
  "fields": {
    "action_time": "2025-09-23T14:32:52.288Z",
    "user": [
      "cool"
    ],
    "content_type": [
      "doctors",
      "doctormedia"
    ],
    "object_id": "5",
    "object_repr": "Media for Dr. Arjun Mehta",
    "action_flag": 3,
    "change_message": ""
  }
},
{
  "model": "admin.logentry",
  "pk": 52,
  "fields": {
    "action_time": "2025-09-23T14:32:52.317Z",
    "user": [
      "cool"
    ],
    "content_type": [
      "doctors",
      "doctormedia"
    ],
    "object_id": "4",
    "object_repr": "Media for Dr. Arjun Mehta",
    "action_flag": 3,
    "change_message": ""
  }
},
{
  "model": "admin.logentry",
  "pk": 53,
  "fields": {
    "action_time": "2025-09-23T14:32:52.331Z",
    "user": [
      "cool"
    ],
    "content_type": [
      "doctors",
      "doctormedia"
    ],
    "object_id": "3",
    "object_repr": "Media for Dr. Arjun Mehta",
    "action_flag": 3,
    "change_message": ""
  }
},
{
  "model": "admin.logentry",
  "pk": 54,
  "fields": {
    "action_time": "2025-09-23T14:32:52.343Z",
    "user": [
      "cool"
    ],
    "content_type": [
      "doctors",
      "doctormedia"
    ],
    "object_id": "2",
    "object_repr": "Media for Dr. Arjun Mehta",
    "action_flag": 3,
    "change_message": ""
  }
},
{
  "model": "admin.logentry",
  "pk": 55,
  "fields": {
    "action_time": "2025-09-23T14:32:52.354Z",
    "user": [
      "cool"
    ],
    "content_type": [
      "doctors",
      "doctormedia"
    ],
    "object_id": "1",
    "object_repr": "Media for Dr. Arjun Mehta",
    "action_flag": 3,
    "change_message": ""
  }
},
{
  "model": "admin.logentry",
  "pk": 56,
  "fields": {
    "action_time": "2025-09-23T16:38:35.913Z",
    "user": [
      "cool"
    ],
    "content_type": [
      "auth",
      "user"
    ],
    "object_id": "10",
    "object_repr": "tusharsinghkumar04",
    "action_flag": 2,
    "change_message": "[{\"changed\": {\"fields\": [\"First name\", \"Last name\", \"Email address\"]}}]"
  }
},
{
  "model": "admin.logentry",
  "pk": 57,
  "fields": {
    "action_time": "2025-09-23T16:39:05.121Z",
    "user": [
      "cool"
    ],
    "content_type": [
      "auth",
      "user"
    ],
    "object_id": "11",
    "object_repr": "tusharsinghkumar0",
    "action_flag": 2,
    "change_message": "[{\"changed\": {\"fields\": [\"First name\", \"Last name\"]}}]"
  }
},
{
  "model": "admin.logentry",
  "pk": 58,
  "fields": {
    "action_time": "2025-09-24T05:27:20.733Z",
    "user": [
      "cool"
    ],
    "content_type": [
      "doctors",
      "doctor"
    ],
    "object_id": "3",
    "object_repr": "Dr. Smith Test",
    "action_flag": 2,
    "change_message": "[{\"changed\": {\"fields\": [\"Profile picture\"]}}]"
  }
},
{
  "model": "admin.logentry",
  "pk": 59,
  "fields": {
    "action_time": "2025-09-24T05:27:39.482Z",
    "user": [
      "cool"
    ],
    "content_type": [
      "doctors",
      "doctor"
    ],
    "object_id": "1",
    "object_repr": "Dr. Arjun Mehta",
    "action_flag": 2,
    "change_message": "[{\"changed\": {\"fields\": [\"Profile picture\"]}}, {\"deleted\": {\"name\": \"doctor media\", \"object\": \"Media for Dr. Arjun Mehta\"}}]"
  }
},
{
  "model": "admin.logentry",
  "pk": 60,
  "fields": {
    "action_time": "2025-09-24T13:02:34.107Z",
    "user": [
      "cool"
    ],
    "content_type": [
      "hospitals",
      "hospital"
    ],
    "object_id": "4",
    "object_repr": "Apollo Hospital",
    "action_flag": 2,
    "change_message": "[{\"changed\": {\"fields\": [\"Profile picture\"]}}, {\"added\": {\"name\": \"hospital media\", \"object\": \"Media for Apollo Hospital\"}}, {\"added\": {\"name\": \"hospital media\", \"object\": \"Media for Apollo Hospital\"}}, {\"added\": {\"name\": \"hospital media\", \"object\": \"Media for Apollo Hospital\"}}]"
  }
},
{
  "model": "admin.logentry",
  "pk": 61,
  "fields": {
    "action_time": "2025-09-24T13:04:17.224Z",
    "user": [
      "cool"
    ],
    "content_type": [
      "hospitals",
      "hospital"
    ],
    "object_id": "1",
    "object_repr": "City Care Hospital",
    "action_flag": 2,
    "change_message": "[{\"changed\": {\"fields\": [\"Profile picture\"]}}, {\"added\": {\"name\": \"hospital media\", \"object\": \"Media for City Care Hospital\"}}, {\"added\": {\"name\": \"hospital media\", \"object\": \"Media for City Care Hospital\"}}, {\"added\": {\"name\": \"hospital media\", \"object\": \"Media for City Care Hospital\"}}, {\"deleted\": {\"name\": \"hospital media\", \"object\": \"Media for City Care Hospital\"}}, {\"deleted\": {\"name\": \"hospital media\", \"object\": \"Media for City Care Hospital\"}}]"
  }
},
{
  "model": "admin.logentry",
  "pk": 62,
  "fields": {
    "action_time": "2025-09-24T13:08:01.524Z",
    "user": [
      "cool"
    ],
    "content_type": [
      "hospitals",
      "hospital"
    ],
    "object_id": "1",
    "object_repr": "City Care Hospital",
    "action_flag": 2,
    "change_message": "[{\"changed\": {\"fields\": [\"Address\", \"City\", \"Phone\", \"Email\", \"Website\", \"Established year\", \"Beds count\", \"Staff count\", \"Departments count\", \"Awards count\", \"Jci accredited\", \"Nabh accredited\", \"Iso certified\"]}}]"
  }
},
{
  "model": "admin.logentry",
  "pk": 63,
  "fields": {
    "action_time": "2025-09-24T13:13:45.627Z",
    "user": [
      "cool"
    ],
    "content_type": [
      "hospitals",
      "hospital"
    ],
    "object_id": "1",
    "object_repr": "City Care Hospital",
    "action_flag": 2,
    "change_message": "[{\"changed\": {\"fields\": [\"Profile picture\"]}}]"
  }
},
{
  "model": "admin.logentry",
  "pk": 64,
  "fields": {
    "action_time": "2025-09-24T13:14:12.218Z",
    "user": [
      "cool"
    ],
    "content_type": [
      "hospitals",
      "hospital"
    ],
    "object_id": "4",
    "object_repr": "Apollo Hospital",
    "action_flag": 2,
    "change_message": "[{\"changed\": {\"fields\": [\"Profile picture\"]}}, {\"deleted\": {\"name\": \"hospital media\", \"object\": \"Media for Apollo Hospital\"}}, {\"deleted\": {\"name\": \"hospital media\", \"object\": \"Media for Apollo Hospital\"}}, {\"deleted\": {\"name\": \"hospital media\", \"object\": \"Media for Apollo Hospital\"}}]"
  }
},
{
  "model": "admin.logentry",
  "pk": 65,
  "fields": {
    "action_time": "2025-09-24T13:15:46.610Z",
    "user": [
      "cool"
    ],
    "content_type": [
      "hospitals",
      "hospital"
    ],
    "object_id": "2",
    "object_repr": "Green Wellness Center",
    "action_flag": 2,
    "change_message": "[{\"changed\": {\"fields\": [\"Is takeopinion choice\", \"Profile picture\"]}}, {\"added\": {\"name\": \"hospital media\", \"object\": \"Media for Green Wellness Center\"}}, {\"changed\": {\"name\": \"hospital media\", \"object\": \"Media for Green Wellness Center\", \"fields\": [\"Image url\"]}}]"
  }
},
{
  "model": "admin.logentry",
  "pk": 66,
  "fields": {
    "action_time": "2025-09-24T13:17:51.721Z",
    "user": [
      "cool"
    ],
    "content_type": [
      "hospitals",
      "hospital"
    ],
    "object_id": "3",
    "object_repr": "City Medical Center Test",
    "action_flag": 2,
    "change_message": "[{\"changed\": {\"fields\": [\"Profile picture\"]}}, {\"added\": {\"name\": \"hospital media\", \"object\": \"Media for City Medical Center Test\"}}, {\"added\": {\"name\": \"hospital media\", \"object\": \"Media for City Medical Center Test\"}}]"
  }
},
{
  "model": "admin.logentry",
  "pk": 67,
  "fields": {
    "action_time": "2025-09-24T16:36:18.470Z",
    "user": [
      "cool"
    ],
    "content_type": [
      "doctors",
      "doctor"
    ],
    "object_id": "3",
    "object_repr": "Dr. Smith singh",
    "action_flag": 2,
    "change_message": "[{\"changed\": {\"fields\": [\"Name\", \"Profile picture\"]}}]"
  }
},
{
  "model": "admin.logentry",
  "pk": 68,
  "fields": {
    "action_time": "2025-09-24T16:37:21.534Z",
    "user": [
      "cool"
    ],
    "content_type": [
      "doctors",
      "doctor"
    ],
    "object_id": "2",
    "object_repr": "Dr. Sara Kapoor",
    "action_flag": 2,
    "change_message": "[{\"changed\": {\"fields\": [\"Profile picture\"]}}]"
  }
},
{
  "model": "admin.logentry",
  "pk": 69,
  "fields": {
    "action_time": "2025-09-24T16:37:44.010Z",
    "user": [
      "cool"
    ],
    "content_type": [
      "doctors",
      "doctor"
    ],
    "object_id": "2",
    "object_repr": "Dr. Sara Kapoor",
    "action_flag": 2,
    "change_message": "[]"
  }
},
{
  "model": "admin.logentry",
  "pk": 70,
  "fields": {
    "action_time": "2025-09-24T16:38:39.901Z",
    "user": [
      "cool"
    ],
    "content_type": [
      "doctors",
      "doctor"
    ],
    "object_id": "2",
    "object_repr": "Dr. Sara Kapoor",
    "action_flag": 2,
    "change_message": "[{\"changed\": {\"fields\": [\"Profile picture\"]}}]"
  }
},
{
  "model": "admin.logentry",
  "pk": 71,
  "fields": {
    "action_time": "2025-09-27T16:36:01.138Z",
    "user": [
      "cool"
    ],
    "content_type": [
      "doctors",
      "doctor"
    ],
    "object_id": "4",
    "object_repr": "Dr Krishna",
    "action_flag": 2,
    "change_message": "[{\"changed\": {\"fields\": [\"Profile picture\", \"Medical license number\", \"Languages spoken\", \"Phone\", \"Website\", \"Rating\", \"Review count\", \"Treatments\", \"Hospitals\"]}}]"
  }
},
{
  "model": "admin.logentry",
  "pk": 72,
  "fields": {
    "action_time": "2025-09-27T16:45:22.923Z",
    "user": [
      "cool"
    ],
    "content_type": [
      "doctors",
      "doctor"
    ],
    "object_id": "3",
    "object_repr": "Dr. Smith singh",
    "action_flag": 2,
    "change_message": "[{\"changed\": {\"fields\": [\"Rating\"]}}]"
  }
},
{
  "model": "admin.logentry",
  "pk": 73,
  "fields": {
    "action_time": "2025-09-27T16:46:02.981Z",
    "user": [
      "cool"
    ],
    "content_type": [
      "doctors",
      "doctor"
    ],
    "object_id": "3",
    "object_repr": "Dr. Smith singh",
    "action_flag": 2,
    "change_message": "[{\"changed\": {\"fields\": [\"Rating\"]}}]"
  }
},
{
  "model": "admin.logentry",
  "pk": 74,
  "fields": {
    "action_time": "2025-09-27T16:46:11.808Z",
    "user": [
      "cool"
    ],
    "content_type": [
      "doctors",
      "doctor"
    ],
    "object_id": "2",
    "object_repr": "Dr. Sara Kapoor",
    "action_flag": 2,
    "change_message": "[{\"changed\": {\"fields\": [\"Rating\"]}}]"
  }
},
{
  "model": "admin.logentry",
  "pk": 75,
  "fields": {
    "action_time": "2025-09-27T17:00:09.552Z",
    "user": [
      "cool"
    ],
    "content_type": [
      "doctors",
      "doctor"
    ],
    "object_id": "4",
    "object_repr": "Dr Krishna",
    "action_flag": 2,
    "change_message": "[{\"changed\": {\"fields\": [\"Treatments\"]}}]"
  }
},
{
  "model": "admin.logentry",
  "pk": 76,
  "fields": {
    "action_time": "2025-09-27T17:04:15.479Z",
    "user": [
      "cool"
    ],
    "content_type": [
      "hospitals",
      "hospital"
    ],
    "object_id": "5",
    "object_repr": "Holly  Family",
    "action_flag": 2,
    "change_message": "[{\"changed\": {\"fields\": [\"Rating\", \"Is takeopinion choice\", \"Profile picture\", \"Country\", \"Phone\", \"Email\", \"Website\", \"Established year\", \"Beds count\", \"Staff count\", \"Departments count\", \"Jci accredited\", \"Nabh accredited\", \"Iso certified\", \"Treatments\"]}}, {\"added\": {\"name\": \"hospital media\", \"object\": \"Media for Holly  Family\"}}]"
  }
},
{
  "model": "admin.logentry",
  "pk": 77,
  "fields": {
    "action_time": "2025-10-02T11:34:32.925Z",
    "user": [
      "cool"
    ],
    "content_type": [
      "auth",
      "user"
    ],
    "object_id": "11",
    "object_repr": "tusharsinghkumar0",
    "action_flag": 3,
    "change_message": ""
  }
},
{
  "model": "admin.logentry",
  "pk": 78,
  "fields": {
    "action_time": "2025-10-02T11:39:13.041Z",
    "user": [
      "cool"
    ],
    "content_type": [
      "auth",
      "user"
    ],
    "object_id": "26",
    "object_repr": "tusharsinghkumar04",
    "action_flag": 1,
    "change_message": "[{\"added\": {}}]"
  }
},
{
  "model": "admin.logentry",
  "pk": 79,
  "fields": {
    "action_time": "2025-10-02T12:08:12.506Z",
    "user": [
      "cool"
    ],
    "content_type": [
      "auth",
      "user"
    ],
    "object_id": "26",
    "object_repr": "tusharsinghkumar04",
    "action_flag": 2,
    "change_message": "[{\"changed\": {\"fields\": [\"First name\", \"Last name\", \"Email address\"]}}]"
  }
},
{
  "model": "admin.logentry",
  "pk": 80,
  "fields": {
    "action_time": "2025-10-02T12:58:29.079Z",
    "user": [
      "cool"
    ],
    "content_type": [
      "accounts",
      "patientprofile"
    ],
    "object_id": "8",
    "object_repr": "Patient: tusharsinghkumar04",
    "action_flag": 2,
    "change_message": "[{\"changed\": {\"fields\": [\"Emergency contact\", \"Blood type\"]}}]"
  }
},
{
  "model": "admin.logentry",
  "pk": 81,
  "fields": {
    "action_time": "2025-10-06T13:00:22.361Z",
    "user": [
      "cool"
    ],
    "content_type": [
      "hospitals",
      "hospital"
    ],
    "object_id": "28",
    "object_repr": "Cancun International Hospital",
    "action_flag": 3,
    "change_message": ""
  }
},
{
  "model": "admin.logentry",
  "pk": 82,
  "fields": {
    "action_time": "2025-10-06T13:00:22.361Z",
    "user": [
      "cool"
    ],
    "content_type": [
      "hospitals",
      "hospital"
    ],
    "object_id": "27",
    "object_repr": "Samitivej Hospital",
    "action_flag": 3,
    "change_message": ""
  }
},
{
  "model": "admin.logentry",
  "pk": 83,
  "fields": {
    "action_time": "2025-10-06T13:00:22.361Z",
    "user": [
      "cool"
    ],
    "content_type": [
      "hospitals",
      "hospital"
    ],
    "object_id": "26",
    "object_repr": "Sunny Beach Hospital",
    "action_flag": 3,
    "change_message": ""
  }
},
{
  "model": "admin.logentry",
  "pk": 84,
  "fields": {
    "action_time": "2025-10-06T13:00:22.361Z",
    "user": [
      "cool"
    ],
    "content_type": [
      "hospitals",
      "hospital"
    ],
    "object_id": "23",
    "object_repr": "Kokilaben Dhirubhai Ambani Hospital",
    "action_flag": 3,
    "change_message": ""
  }
},
{
  "model": "admin.logentry",
  "pk": 85,
  "fields": {
    "action_time": "2025-10-06T13:00:22.361Z",
    "user": [
      "cool"
    ],
    "content_type": [
      "hospitals",
      "hospital"
    ],
    "object_id": "22",
    "object_repr": "Narayana Health City",
    "action_flag": 3,
    "change_message": ""
  }
},
{
  "model": "admin.logentry",
  "pk": 86,
  "fields": {
    "action_time": "2025-10-06T13:00:22.361Z",
    "user": [
      "cool"
    ],
    "content_type": [
      "hospitals",
      "hospital"
    ],
    "object_id": "19",
    "object_repr": "American British Cowdray Medical Center",
    "action_flag": 3,
    "change_message": ""
  }
},
{
  "model": "admin.logentry",
  "pk": 87,
  "fields": {
    "action_time": "2025-10-06T13:00:22.361Z",
    "user": [
      "cool"
    ],
    "content_type": [
      "hospitals",
      "hospital"
    ],
    "object_id": "18",
    "object_repr": "Hospital Angeles Chihuahua",
    "action_flag": 3,
    "change_message": ""
  }
},
{
  "model": "admin.logentry",
  "pk": 88,
  "fields": {
    "action_time": "2025-10-06T13:00:22.361Z",
    "user": [
      "cool"
    ],
    "content_type": [
      "hospitals",
      "hospital"
    ],
    "object_id": "17",
    "object_repr": "Bangpakok 9 International Hospital",
    "action_flag": 3,
    "change_message": ""
  }
},
{
  "model": "admin.logentry",
  "pk": 89,
  "fields": {
    "action_time": "2025-10-06T13:00:22.361Z",
    "user": [
      "cool"
    ],
    "content_type": [
      "hospitals",
      "hospital"
    ],
    "object_id": "16",
    "object_repr": "Bumrungrad International Hospital",
    "action_flag": 3,
    "change_message": ""
  }
},
{
  "model": "admin.logentry",
  "pk": 90,
  "fields": {
    "action_time": "2025-10-06T13:00:22.361Z",
    "user": [
      "cool"
    ],
    "content_type": [
      "hospitals",
      "hospital"
    ],
    "object_id": "15",
    "object_repr": "American Hospital",
    "action_flag": 3,
    "change_message": ""
  }
},
{
  "model": "admin.logentry",
  "pk": 91,
  "fields": {
    "action_time": "2025-10-06T13:00:22.361Z",
    "user": [
      "cool"
    ],
    "content_type": [
      "hospitals",
      "hospital"
    ],
    "object_id": "14",
    "object_repr": "Cleveland Clinic Abu Dhabi",
    "action_flag": 3,
    "change_message": ""
  }
},
{
  "model": "admin.logentry",
  "pk": 92,
  "fields": {
    "action_time": "2025-10-06T13:00:22.361Z",
    "user": [
      "cool"
    ],
    "content_type": [
      "hospitals",
      "hospital"
    ],
    "object_id": "13",
    "object_repr": "Medanta - The Medicity",
    "action_flag": 3,
    "change_message": ""
  }
},
{
  "model": "admin.logentry",
  "pk": 93,
  "fields": {
    "action_time": "2025-10-06T13:00:22.361Z",
    "user": [
      "cool"
    ],
    "content_type": [
      "hospitals",
      "hospital"
    ],
    "object_id": "12",
    "object_repr": "Manipal Hospitals",
    "action_flag": 3,
    "change_message": ""
  }
},
{
  "model": "admin.logentry",
  "pk": 94,
  "fields": {
    "action_time": "2025-10-06T13:00:22.361Z",
    "user": [
      "cool"
    ],
    "content_type": [
      "hospitals",
      "hospital"
    ],
    "object_id": "11",
    "object_repr": "Max Healthcare",
    "action_flag": 3,
    "change_message": ""
  }
},
{
  "model": "admin.logentry",
  "pk": 95,
  "fields": {
    "action_time": "2025-10-06T13:00:22.361Z",
    "user": [
      "cool"
    ],
    "content_type": [
      "hospitals",
      "hospital"
    ],
    "object_id": "9",
    "object_repr": "Apollo Hospitals",
    "action_flag": 3,
    "change_message": ""
  }
},
{
  "model": "admin.logentry",
  "pk": 96,
  "fields": {
    "action_time": "2025-10-06T13:00:44.861Z",
    "user": [
      "cool"
    ],
    "content_type": [
      "hospitals",
      "hospital"
    ],
    "object_id": "7",
    "object_repr": "Aesthetic Beauty Clinic",
    "action_flag": 3,
    "change_message": ""
  }
},
{
  "model": "admin.logentry",
  "pk": 97,
  "fields": {
    "action_time": "2025-10-06T13:00:44.861Z",
    "user": [
      "cool"
    ],
    "content_type": [
      "hospitals",
      "hospital"
    ],
    "object_id": "6",
    "object_repr": "OrthoPlus Joint Center",
    "action_flag": 3,
    "change_message": ""
  }
},
{
  "model": "admin.logentry",
  "pk": 98,
  "fields": {
    "action_time": "2025-10-06T13:01:40.540Z",
    "user": [
      "cool"
    ],
    "content_type": [
      "doctors",
      "doctor"
    ],
    "object_id": "29",
    "object_repr": "Dr. Ayşe Kaya",
    "action_flag": 3,
    "change_message": ""
  }
},
{
  "model": "admin.logentry",
  "pk": 99,
  "fields": {
    "action_time": "2025-10-06T13:01:40.541Z",
    "user": [
      "cool"
    ],
    "content_type": [
      "doctors",
      "doctor"
    ],
    "object_id": "27",
    "object_repr": "Dr. Tan Wei Ling",
    "action_flag": 3,
    "change_message": ""
  }
},
{
  "model": "admin.logentry",
  "pk": 100,
  "fields": {
    "action_time": "2025-10-06T13:01:40.541Z",
    "user": [
      "cool"
    ],
    "content_type": [
      "doctors",
      "doctor"
    ],
    "object_id": "26",
    "object_repr": "Dr. Carlos Rodriguez",
    "action_flag": 3,
    "change_message": ""
  }
},
{
  "model": "admin.logentry",
  "pk": 101,
  "fields": {
    "action_time": "2025-10-06T13:01:40.541Z",
    "user": [
      "cool"
    ],
    "content_type": [
      "doctors",
      "doctor"
    ],
    "object_id": "23",
    "object_repr": "Dr. Burak Demir",
    "action_flag": 3,
    "change_message": ""
  }
},
{
  "model": "admin.logentry",
  "pk": 102,
  "fields": {
    "action_time": "2025-10-06T13:01:40.541Z",
    "user": [
      "cool"
    ],
    "content_type": [
      "doctors",
      "doctor"
    ],
    "object_id": "22",
    "object_repr": "Dr. Fatima Al-Mansoori",
    "action_flag": 3,
    "change_message": ""
  }
},
{
  "model": "admin.logentry",
  "pk": 103,
  "fields": {
    "action_time": "2025-10-06T13:01:40.541Z",
    "user": [
      "cool"
    ],
    "content_type": [
      "doctors",
      "doctor"
    ],
    "object_id": "21",
    "object_repr": "Dr. James Wilson",
    "action_flag": 3,
    "change_message": ""
  }
},
{
  "model": "admin.logentry",
  "pk": 104,
  "fields": {
    "action_time": "2025-10-06T13:01:40.541Z",
    "user": [
      "cool"
    ],
    "content_type": [
      "doctors",
      "doctor"
    ],
    "object_id": "19",
    "object_repr": "Dr. Anil Reddy",
    "action_flag": 3,
    "change_message": ""
  }
},
{
  "model": "admin.logentry",
  "pk": 105,
  "fields": {
    "action_time": "2025-10-06T13:01:40.541Z",
    "user": [
      "cool"
    ],
    "content_type": [
      "doctors",
      "doctor"
    ],
    "object_id": "18",
    "object_repr": "Dr. Lim Wei Ming",
    "action_flag": 3,
    "change_message": ""
  }
},
{
  "model": "admin.logentry",
  "pk": 106,
  "fields": {
    "action_time": "2025-10-06T13:01:40.541Z",
    "user": [
      "cool"
    ],
    "content_type": [
      "doctors",
      "doctor"
    ],
    "object_id": "16",
    "object_repr": "Dr. Somsak Prasert",
    "action_flag": 3,
    "change_message": ""
  }
},
{
  "model": "admin.logentry",
  "pk": 107,
  "fields": {
    "action_time": "2025-10-06T13:01:40.541Z",
    "user": [
      "cool"
    ],
    "content_type": [
      "doctors",
      "doctor"
    ],
    "object_id": "15",
    "object_repr": "Dr. Mehmet Yilmaz",
    "action_flag": 3,
    "change_message": ""
  }
},
{
  "model": "admin.logentry",
  "pk": 108,
  "fields": {
    "action_time": "2025-10-06T13:01:40.541Z",
    "user": [
      "cool"
    ],
    "content_type": [
      "doctors",
      "doctor"
    ],
    "object_id": "14",
    "object_repr": "Dr. Emily Chen",
    "action_flag": 3,
    "change_message": ""
  }
},
{
  "model": "admin.logentry",
  "pk": 109,
  "fields": {
    "action_time": "2025-10-06T13:01:40.541Z",
    "user": [
      "cool"
    ],
    "content_type": [
      "doctors",
      "doctor"
    ],
    "object_id": "12",
    "object_repr": "Dr. Sarah Johnson",
    "action_flag": 3,
    "change_message": ""
  }
},
{
  "model": "admin.logentry",
  "pk": 110,
  "fields": {
    "action_time": "2025-10-06T13:01:40.541Z",
    "user": [
      "cool"
    ],
    "content_type": [
      "doctors",
      "doctor"
    ],
    "object_id": "6",
    "object_repr": "Dr. Test Doctor",
    "action_flag": 3,
    "change_message": ""
  }
},
{
  "model": "admin.logentry",
  "pk": 111,
  "fields": {
    "action_time": "2025-10-06T13:02:24.615Z",
    "user": [
      "cool"
    ],
    "content_type": [
      "treatments",
      "treatment"
    ],
    "object_id": "13",
    "object_repr": "Test Treatment c0de2050",
    "action_flag": 3,
    "change_message": ""
  }
},
{
  "model": "admin.logentry",
  "pk": 112,
  "fields": {
    "action_time": "2025-10-06T13:02:24.615Z",
    "user": [
      "cool"
    ],
    "content_type": [
      "treatments",
      "treatment"
    ],
    "object_id": "12",
    "object_repr": "Test Treatment f39db8d0",
    "action_flag": 3,
    "change_message": ""
  }
},
{
  "model": "admin.logentry",
  "pk": 113,
  "fields": {
    "action_time": "2025-10-06T13:02:24.615Z",
    "user": [
      "cool"
    ],
    "content_type": [
      "treatments",
      "treatment"
    ],
    "object_id": "11",
    "object_repr": "Test Treatment",
    "action_flag": 3,
    "change_message": ""
  }
},
{
  "model": "admin.logentry",
  "pk": 114,
  "fields": {
    "action_time": "2025-10-06T13:03:39.427Z",
    "user": [
      "cool"
    ],
    "content_type": [
      "treatments",
      "treatmentcategory"
    ],
    "object_id": "21",
    "object_repr": "Dermatology (Aesthetic)",
    "action_flag": 3,
    "change_message": ""
  }
},
{
  "model": "admin.logentry",
  "pk": 115,
  "fields": {
    "action_time": "2025-10-06T13:03:39.427Z",
    "user": [
      "cool"
    ],
    "content_type": [
      "treatments",
      "treatmentcategory"
    ],
    "object_id": "20",
    "object_repr": "Pediatrics (Medical Treatments)",
    "action_flag": 3,
    "change_message": ""
  }
},
{
  "model": "admin.logentry",
  "pk": 116,
  "fields": {
    "action_time": "2025-10-06T13:03:39.427Z",
    "user": [
      "cool"
    ],
    "content_type": [
      "treatments",
      "treatmentcategory"
    ],
    "object_id": "19",
    "object_repr": "ENT (Medical Treatments)",
    "action_flag": 3,
    "change_message": ""
  }
},
{
  "model": "admin.logentry",
  "pk": 117,
  "fields": {
    "action_time": "2025-10-06T13:03:39.427Z",
    "user": [
      "cool"
    ],
    "content_type": [
      "treatments",
      "treatmentcategory"
    ],
    "object_id": "17",
    "object_repr": "Urology (Medical Treatments)",
    "action_flag": 3,
    "change_message": ""
  }
},
{
  "model": "admin.logentry",
  "pk": 118,
  "fields": {
    "action_time": "2025-10-06T13:03:39.427Z",
    "user": [
      "cool"
    ],
    "content_type": [
      "treatments",
      "treatmentcategory"
    ],
    "object_id": "16",
    "object_repr": "Gastroenterology (Medical Treatments)",
    "action_flag": 3,
    "change_message": ""
  }
},
{
  "model": "admin.logentry",
  "pk": 119,
  "fields": {
    "action_time": "2025-10-06T13:03:39.427Z",
    "user": [
      "cool"
    ],
    "content_type": [
      "treatments",
      "treatmentcategory"
    ],
    "object_id": "7",
    "object_repr": "General (Medical Treatments)",
    "action_flag": 3,
    "change_message": ""
  }
},
{
  "model": "admin.logentry",
  "pk": 120,
  "fields": {
    "action_time": "2025-10-06T13:03:39.427Z",
    "user": [
      "cool"
    ],
    "content_type": [
      "treatments",
      "treatmentcategory"
    ],
    "object_id": "4",
    "object_repr": "Surgery (Medical Treatments)",
    "action_flag": 3,
    "change_message": ""
  }
},
{
  "model": "admin.logentry",
  "pk": 121,
  "fields": {
    "action_time": "2025-10-06T13:04:33.141Z",
    "user": [
      "cool"
    ],
    "content_type": [
      "accounts",
      "userprofile"
    ],
    "object_id": "22",
    "object_repr": "testuser123 - patient",
    "action_flag": 3,
    "change_message": ""
  }
},
{
  "model": "admin.logentry",
  "pk": 122,
  "fields": {
    "action_time": "2025-10-06T13:04:33.141Z",
    "user": [
      "cool"
    ],
    "content_type": [
      "accounts",
      "userprofile"
    ],
    "object_id": "19",
    "object_repr": "tusharsinghkumar04 - patient",
    "action_flag": 3,
    "change_message": ""
  }
},
{
  "model": "admin.logentry",
  "pk": 123,
  "fields": {
    "action_time": "2025-10-06T13:04:33.141Z",
    "user": [
      "cool"
    ],
    "content_type": [
      "accounts",
      "userprofile"
    ],
    "object_id": "18",
    "object_repr": "testuser - patient",
    "action_flag": 3,
    "change_message": ""
  }
},
{
  "model": "admin.logentry",
  "pk": 124,
  "fields": {
    "action_time": "2025-10-06T13:04:33.141Z",
    "user": [
      "cool"
    ],
    "content_type": [
      "accounts",
      "userprofile"
    ],
    "object_id": "17",
    "object_repr": "admin - patient",
    "action_flag": 3,
    "change_message": ""
  }
},
{
  "model": "admin.logentry",
  "pk": 125,
  "fields": {
    "action_time": "2025-10-06T13:04:33.141Z",
    "user": [
      "cool"
    ],
    "content_type": [
      "accounts",
      "userprofile"
    ],
    "object_id": "13",
    "object_repr": "testuser_c0de2050 - patient",
    "action_flag": 3,
    "change_message": ""
  }
},
{
  "model": "admin.logentry",
  "pk": 126,
  "fields": {
    "action_time": "2025-10-06T13:04:33.141Z",
    "user": [
      "cool"
    ],
    "content_type": [
      "accounts",
      "userprofile"
    ],
    "object_id": "12",
    "object_repr": "testuser_baa1bcb9 - patient",
    "action_flag": 3,
    "change_message": ""
  }
},
{
  "model": "admin.logentry",
  "pk": 127,
  "fields": {
    "action_time": "2025-10-06T13:04:33.141Z",
    "user": [
      "cool"
    ],
    "content_type": [
      "accounts",
      "userprofile"
    ],
    "object_id": "11",
    "object_repr": "testuser_f724e703 - patient",
    "action_flag": 3,
    "change_message": ""
  }
},
{
  "model": "admin.logentry",
  "pk": 128,
  "fields": {
    "action_time": "2025-10-06T13:04:33.141Z",
    "user": [
      "cool"
    ],
    "content_type": [
      "accounts",
      "userprofile"
    ],
    "object_id": "10",
    "object_repr": "patient2_fixture - patient",
    "action_flag": 3,
    "change_message": ""
  }
},
{
  "model": "admin.logentry",
  "pk": 129,
  "fields": {
    "action_time": "2025-10-06T13:04:33.141Z",
    "user": [
      "cool"
    ],
    "content_type": [
      "accounts",
      "userprofile"
    ],
    "object_id": "9",
    "object_repr": "patient1_fixture - patient",
    "action_flag": 3,
    "change_message": ""
  }
},
{
  "model": "admin.logentry",
  "pk": 130,
  "fields": {
    "action_time": "2025-10-06T13:05:19.248Z",
    "user": [
      "cool"
    ],
    "content_type": [
      "auth",
      "user"
    ],
    "object_id": "20",
    "object_repr": "admin_fixture",
    "action_flag": 3,
    "change_message": ""
  }
},
{
  "model": "admin.logentry",
  "pk": 131,
  "fields": {
    "action_time": "2025-10-06T13:05:19.248Z",
    "user": [
      "cool"
    ],
    "content_type": [
      "auth",
      "user"
    ],
    "object_id": "23",
    "object_repr": "patient1_fixture",
    "action_flag": 3,
    "change_message": ""
  }
},
{
  "model": "admin.logentry",
  "pk": 132,
  "fields": {
    "action_time": "2025-10-06T13:05:19.248Z",
    "user": [
      "cool"
    ],
    "content_type": [
      "auth",
      "user"
    ],
    "object_id": "24",
    "object_repr": "patient2_fixture",
    "action_flag": 3,
    "change_message": ""
  }
},
{
  "model": "admin.logentry",
  "pk": 133,
  "fields": {
    "action_time": "2025-10-06T13:05:19.248Z",
    "user": [
      "cool"
    ],
    "content_type": [
      "auth",
      "user"
    ],
    "object_id": "14",
    "object_repr": "testuser",
    "action_flag": 3,
    "change_message": ""
  }
},
{
  "model": "admin.logentry",
  "pk": 134,
  "fields": {
    "action_time": "2025-10-06T13:05:19.248Z",
    "user": [
      "cool"
    ],
    "content_type": [
      "auth",
      "user"
    ],
    "object_id": "16",
    "object_repr": "testuser_baa1bcb9",
    "action_flag": 3,
    "change_message": ""
  }
},
{
  "model": "admin.logentry",
  "pk": 135,
  "fields": {
    "action_time": "2025-10-06T13:05:19.248Z",
    "user": [
      "cool"
    ],
    "content_type": [
      "auth",
      "user"
    ],
    "object_id": "17",
    "object_repr": "testuser_c0de2050",
    "action_flag": 3,
    "change_message": ""
  }
},
{
  "model": "admin.logentry",
  "pk": 136,
  "fields": {
    "action_time": "2025-10-06T13:05:19.248Z",
    "user": [
      "cool"
    ],
    "content_type": [
      "auth",
      "user"
    ],
    "object_id": "15",
    "object_repr": "testuser_f724e703",
    "action_flag": 3,
    "change_message": ""
  }
},
{
  "model": "admin.logentry",
  "pk": 137,
  "fields": {
    "action_time": "2025-10-06T13:05:59.812Z",
    "user": [
      "cool"
    ],
    "content_type": [
      "accounts",
      "userprofile"
    ],
    "object_id": "23",
    "object_repr": "tusharsinghkumar02 - patient",
    "action_flag": 2,
    "change_message": "[{\"changed\": {\"fields\": [\"Phone\", \"Address\", \"City\", \"Profile picture\"]}}]"
  }
},
{
  "model": "admin.logentry",
  "pk": 138,
  "fields": {
    "action_time": "2025-10-06T13:06:44.653Z",
    "user": [
      "cool"
    ],
    "content_type": [
      "auth",
      "user"
    ],
    "object_id": "30",
    "object_repr": "tusharsinghkumar02",
    "action_flag": 2,
    "change_message": "[{\"changed\": {\"fields\": [\"First name\", \"Staff status\"]}}]"
  }
},
{
  "model": "admin.logentry",
  "pk": 139,
  "fields": {
    "action_time": "2025-10-06T13:07:09.062Z",
    "user": [
      "cool"
    ],
    "content_type": [
      "auth",
      "user"
    ],
    "object_id": "26",
    "object_repr": "tusharsinghkumar04",
    "action_flag": 2,
    "change_message": "[{\"changed\": {\"fields\": [\"Staff status\"]}}]"
  }
},
{
  "model": "admin.logentry",
  "pk": 140,
  "fields": {
    "action_time": "2025-10-27T09:47:17.726Z",
    "user": [
      "cool"
    ],
    "content_type": [
      "doctors",
      "doctor"
    ],
    "object_id": "28",
    "object_repr": "Dr. Deepak Mehta",
    "action_flag": 2,
    "change_message": "[{\"changed\": {\"fields\": [\"Profile picture\", \"Treatments\", \"Hospitals\"]}}, {\"added\": {\"name\": \"doctor media\", \"object\": \"Media for Dr. Deepak Mehta\"}}]"
  }
},
{
  "model": "admin.logentry",
  "pk": 141,
  "fields": {
    "action_time": "2025-10-27T09:49:31.068Z",
    "user": [
      "cool"
    ],
    "content_type": [
      "doctors",
      "doctor"
    ],
    "object_id": "25",
    "object_repr": "Dr. Preecha Srisuwan",
    "action_flag": 2,
    "change_message": "[{\"changed\": {\"fields\": [\"Profile picture\", \"Treatments\", \"Hospitals\"]}}]"
  }
},
{
  "model": "admin.logentry",
  "pk": 142,
  "fields": {
    "action_time": "2025-10-29T06:40:59.127Z",
    "user": [
      "cool"
    ],
    "content_type": [
      "doctors",
      "doctor"
    ],
    "object_id": "20",
    "object_repr": "Dr. Kavita Desai",
    "action_flag": 2,
    "change_message": "[{\"changed\": {\"fields\": [\"Profile picture\", \"Treatments\", \"Hospitals\"]}}]"
  }
},
{
  "model": "admin.logentry",
  "pk": 143,
  "fields": {
    "action_time": "2025-10-29T06:43:08.378Z",
    "user": [
      "cool"
    ],
    "content_type": [
      "doctors",
      "doctor"
    ],
    "object_id": "17",
    "object_repr": "Dr. Maria Gonzalez",
    "action_flag": 2,
    "change_message": "[{\"changed\": {\"fields\": [\"Profile picture\", \"Treatments\", \"Hospitals\"]}}]"
  }
},
{
  "model": "admin.logentry",
  "pk": 144,
  "fields": {
    "action_time": "2025-10-29T06:44:48.907Z",
    "user": [
      "cool"
    ],
    "content_type": [
      "doctors",
      "doctor"
    ],
    "object_id": "13",
    "object_repr": "Dr. Rajesh Gupta",
    "action_flag": 2,
    "change_message": "[{\"changed\": {\"fields\": [\"Profile picture\", \"Treatments\", \"Hospitals\"]}}]"
  }
},
{
  "model": "admin.logentry",
  "pk": 145,
  "fields": {
    "action_time": "2025-10-29T06:47:19.245Z",
    "user": [
      "cool"
    ],
    "content_type": [
      "doctors",
      "doctor"
    ],
    "object_id": "11",
    "object_repr": "Dr. Ahmed Khan",
    "action_flag": 2,
    "change_message": "[{\"changed\": {\"fields\": [\"Profile picture\", \"Treatments\", \"Hospitals\"]}}]"
  }
},
{
  "model": "admin.logentry",
  "pk": 146,
  "fields": {
    "action_time": "2025-10-29T06:48:46.994Z",
    "user": [
      "cool"
    ],
    "content_type": [
      "doctors",
      "doctor"
    ],
    "object_id": "10",
    "object_repr": "Dr. Priya Patel",
    "action_flag": 2,
    "change_message": "[{\"changed\": {\"fields\": [\"Profile picture\", \"Treatments\", \"Hospitals\"]}}]"
  }
},
{
  "model": "admin.logentry",
  "pk": 147,
  "fields": {
    "action_time": "2025-10-29T06:49:55.993Z",
    "user": [
      "cool"
    ],
    "content_type": [
      "doctors",
      "doctor"
    ],
    "object_id": "9",
    "object_repr": "Dr. Ramesh Sharma",
    "action_flag": 2,
    "change_message": "[{\"changed\": {\"fields\": [\"Profile picture\", \"Treatments\", \"Hospitals\"]}}]"
  }
},
{
  "model": "admin.logentry",
  "pk": 148,
  "fields": {
    "action_time": "2025-10-29T06:50:35.161Z",
    "user": [
      "cool"
    ],
    "content_type": [
      "doctors",
      "doctor"
    ],
    "object_id": "4",
    "object_repr": "Dr Krishna",
    "action_flag": 3,
    "change_message": ""
  }
},
{
  "model": "admin.logentry",
  "pk": 149,
  "fields": {
    "action_time": "2025-10-29T06:51:30.862Z",
    "user": [
      "cool"
    ],
    "content_type": [
      "doctors",
      "doctor"
    ],
    "object_id": "24",
    "object_repr": "Dr. Niranjan Kumar",
    "action_flag": 2,
    "change_message": "[{\"changed\": {\"fields\": [\"Profile picture\", \"Treatments\", \"Hospitals\"]}}]"
  }
},
{
  "model": "admin.logentry",
  "pk": 150,
  "fields": {
    "action_time": "2025-10-29T06:54:45.363Z",
    "user": [
      "cool"
    ],
    "content_type": [
      "hospitals",
      "hospital"
    ],
    "object_id": "25",
    "object_repr": "Global Hospitals",
    "action_flag": 2,
    "change_message": "[{\"changed\": {\"fields\": [\"Profile picture\", \"Treatments\"]}}, {\"added\": {\"name\": \"hospital media\", \"object\": \"Media for Global Hospitals\"}}, {\"added\": {\"name\": \"hospital media\", \"object\": \"Media for Global Hospitals\"}}, {\"changed\": {\"name\": \"hospital media\", \"object\": \"Media for Global Hospitals\", \"fields\": [\"Image url\"]}}]"
  }
},
{
  "model": "admin.logentry",
  "pk": 151,
  "fields": {
    "action_time": "2025-10-29T07:50:47.993Z",
    "user": [
      "cool"
    ],
    "content_type": [
      "hospitals",
      "hospital"
    ],
    "object_id": "4",
    "object_repr": "Apollo Hospital",
    "action_flag": 3,
    "change_message": ""
  }
},
{
  "model": "admin.logentry",
  "pk": 152,
  "fields": {
    "action_time": "2025-10-29T10:46:37.938Z",
    "user": [
      "cool"
    ],
    "content_type": [
      "hospitals",
      "hospital"
    ],
    "object_id": "25",
    "object_repr": "Global Hospitals",
    "action_flag": 2,
    "change_message": "[{\"changed\": {\"fields\": [\"Treatments\"]}}]"
  }
},
{
  "model": "admin.logentry",
  "pk": 153,
  "fields": {
    "action_time": "2025-10-29T10:47:20.934Z",
    "user": [
      "cool"
    ],
    "content_type": [
      "hospitals",
      "hospital"
    ],
    "object_id": "24",
    "object_repr": "Indraprastha Apollo Hospitals",
    "action_flag": 2,
    "change_message": "[{\"changed\": {\"fields\": [\"Profile picture\", \"Treatments\"]}}, {\"changed\": {\"name\": \"hospital media\", \"object\": \"Media for Indraprastha Apollo Hospitals\", \"fields\": [\"Image url\"]}}]"
  }
},
{
  "model": "admin.logentry",
  "pk": 154,
  "fields": {
    "action_time": "2025-10-29T10:48:09.781Z",
    "user": [
      "cool"
    ],
    "content_type": [
      "hospitals",
      "hospital"
    ],
    "object_id": "21",
    "object_repr": "Gleneagles Hospital",
    "action_flag": 2,
    "change_message": "[{\"changed\": {\"fields\": [\"Profile picture\", \"Treatments\"]}}, {\"changed\": {\"name\": \"hospital media\", \"object\": \"Media for Gleneagles Hospital\", \"fields\": [\"Image url\"]}}]"
  }
},
{
  "model": "admin.logentry",
  "pk": 155,
  "fields": {
    "action_time": "2025-10-29T10:51:22.078Z",
    "user": [
      "cool"
    ],
    "content_type": [
      "hospitals",
      "hospital"
    ],
    "object_id": "20",
    "object_repr": "KPJ Healthcare",
    "action_flag": 2,
    "change_message": "[{\"changed\": {\"fields\": [\"Profile picture\"]}}, {\"changed\": {\"name\": \"hospital media\", \"object\": \"Media for KPJ Healthcare\", \"fields\": [\"Image url\"]}}]"
  }
},
{
  "model": "admin.logentry",
  "pk": 156,
  "fields": {
    "action_time": "2025-10-29T10:53:24.892Z",
    "user": [
      "cool"
    ],
    "content_type": [
      "hospitals",
      "hospital"
    ],
    "object_id": "10",
    "object_repr": "Fortis Healthcare",
    "action_flag": 2,
    "change_message": "[{\"changed\": {\"fields\": [\"Profile picture\", \"Treatments\"]}}, {\"changed\": {\"name\": \"hospital media\", \"object\": \"Media for Fortis Healthcare\", \"fields\": [\"Image url\"]}}]"
  }
},
{
  "model": "admin.logentry",
  "pk": 157,
  "fields": {
    "action_time": "2025-10-29T10:54:22.236Z",
    "user": [
      "cool"
    ],
    "content_type": [
      "hospitals",
      "hospital"
    ],
    "object_id": "1",
    "object_repr": "City Care Hospital",
    "action_flag": 2,
    "change_message": "[{\"changed\": {\"fields\": [\"Treatments\"]}}, {\"deleted\": {\"name\": \"hospital media\", \"object\": \"Media for City Care Hospital\"}}, {\"deleted\": {\"name\": \"hospital media\", \"object\": \"Media for City Care Hospital\"}}]"
  }
},
{
  "model": "admin.logentry",
  "pk": 158,
  "fields": {
    "action_time": "2025-10-31T15:06:13.406Z",
    "user": [
      "cool"
    ],
    "content_type": [
      "hotels",
      "hotel"
    ],
    "object_id": "7",
    "object_repr": "The Lodhi - New Delhi",
    "action_flag": 2,
    "change_message": "[{\"changed\": {\"fields\": [\"Nearby hospitals\"]}}, {\"added\": {\"name\": \"Hotel Image\", \"object\": \"Image for The Lodhi\"}}]"
  }
},
{
  "model": "admin.logentry",
  "pk": 159,
  "fields": {
    "action_time": "2025-10-31T15:12:51.194Z",
    "user": [
      "cool"
    ],
    "content_type": [
      "hotels",
      "hotel"
    ],
    "object_id": "3",
    "object_repr": "Mountain View Inn - Manali",
    "action_flag": 2,
    "change_message": "[{\"changed\": {\"fields\": [\"Nearby hospitals\"]}}, {\"added\": {\"name\": \"Hotel Image\", \"object\": \"Image for Mountain View Inn\"}}]"
  }
},
{
  "model": "admin.logentry",
  "pk": 160,
  "fields": {
    "action_time": "2025-10-31T15:13:08.887Z",
    "user": [
      "cool"
    ],
    "content_type": [
      "hotels",
      "hotel"
    ],
    "object_id": "13",
    "object_repr": "The Taj Mahal Palace - Mumbai",
    "action_flag": 2,
    "change_message": "[{\"changed\": {\"fields\": [\"Nearby hospitals\"]}}, {\"added\": {\"name\": \"Hotel Image\", \"object\": \"Image for The Taj Mahal Palace\"}}]"
  }
},
{
  "model": "admin.logentry",
  "pk": 161,
  "fields": {
    "action_time": "2025-10-31T15:13:24.686Z",
    "user": [
      "cool"
    ],
    "content_type": [
      "hotels",
      "hotel"
    ],
    "object_id": "5",
    "object_repr": "Heritage Palace - Jaipur",
    "action_flag": 2,
    "change_message": "[{\"changed\": {\"fields\": [\"Nearby hospitals\"]}}, {\"added\": {\"name\": \"Hotel Image\", \"object\": \"Image for Heritage Palace\"}}]"
  }
},
{
  "model": "admin.logentry",
  "pk": 162,
  "fields": {
    "action_time": "2025-10-31T15:13:45.945Z",
    "user": [
      "cool"
    ],
    "content_type": [
      "hotels",
      "hotel"
    ],
    "object_id": "8",
    "object_repr": "The Oberoi - New Delhi",
    "action_flag": 2,
    "change_message": "[{\"changed\": {\"fields\": [\"Nearby hospitals\"]}}, {\"added\": {\"name\": \"Hotel Image\", \"object\": \"Image for The Oberoi\"}}]"
  }
},
{
  "model": "admin.logentry",
  "pk": 163,
  "fields": {
    "action_time": "2025-10-31T15:14:02.930Z",
    "user": [
      "cool"
    ],
    "content_type": [
      "hotels",
      "hotel"
    ],
    "object_id": "9",
    "object_repr": "Taj Palace - New Delhi",
    "action_flag": 2,
    "change_message": "[{\"changed\": {\"fields\": [\"Nearby hospitals\"]}}, {\"added\": {\"name\": \"Hotel Image\", \"object\": \"Image for Taj Palace\"}}]"
  }
},
{
  "model": "admin.logentry",
  "pk": 164,
  "fields": {
    "action_time": "2025-10-31T15:14:17.566Z",
    "user": [
      "cool"
    ],
    "content_type": [
      "hotels",
      "hotel"
    ],
    "object_id": "12",
    "object_repr": "Trident Nariman Point - Mumbai",
    "action_flag": 2,
    "change_message": "[{\"changed\": {\"fields\": [\"Nearby hospitals\"]}}, {\"added\": {\"name\": \"Hotel Image\", \"object\": \"Image for Trident Nariman Point\"}}]"
  }
},
{
  "model": "admin.logentry",
  "pk": 165,
  "fields": {
    "action_time": "2025-10-31T15:14:31.710Z",
    "user": [
      "cool"
    ],
    "content_type": [
      "hotels",
      "hotel"
    ],
    "object_id": "1",
    "object_repr": "Grand Plaza Hotel - Mumbai",
    "action_flag": 2,
    "change_message": "[{\"changed\": {\"fields\": [\"Nearby hospitals\"]}}, {\"added\": {\"name\": \"Hotel Image\", \"object\": \"Image for Grand Plaza Hotel\"}}]"
  }
},
{
  "model": "admin.logentry",
  "pk": 166,
  "fields": {
    "action_time": "2025-10-31T15:14:46.758Z",
    "user": [
      "cool"
    ],
    "content_type": [
      "hotels",
      "hotel"
    ],
    "object_id": "10",
    "object_repr": "ITC Maurya - New Delhi",
    "action_flag": 2,
    "change_message": "[{\"changed\": {\"fields\": [\"Nearby hospitals\"]}}, {\"added\": {\"name\": \"Hotel Image\", \"object\": \"Image for ITC Maurya\"}}]"
  }
},
{
  "model": "admin.logentry",
  "pk": 167,
  "fields": {
    "action_time": "2025-10-31T15:15:05.275Z",
    "user": [
      "cool"
    ],
    "content_type": [
      "hotels",
      "hotel"
    ],
    "object_id": "4",
    "object_repr": "City Central Hotel - Delhi",
    "action_flag": 2,
    "change_message": "[{\"changed\": {\"fields\": [\"Nearby hospitals\"]}}, {\"added\": {\"name\": \"Hotel Image\", \"object\": \"Image for City Central Hotel\"}}]"
  }
},
{
  "model": "admin.logentry",
  "pk": 168,
  "fields": {
    "action_time": "2025-10-31T15:15:20.222Z",
    "user": [
      "cool"
    ],
    "content_type": [
      "hotels",
      "hotel"
    ],
    "object_id": "2",
    "object_repr": "Seaside Resort - Goa",
    "action_flag": 2,
    "change_message": "[{\"changed\": {\"fields\": [\"Nearby hospitals\"]}}, {\"added\": {\"name\": \"Hotel Image\", \"object\": \"Image for Seaside Resort\"}}]"
  }
},
{
  "model": "admin.logentry",
  "pk": 169,
  "fields": {
    "action_time": "2025-10-31T15:15:33.899Z",
    "user": [
      "cool"
    ],
    "content_type": [
      "hotels",
      "hotel"
    ],
    "object_id": "6",
    "object_repr": "Pune Plaza Hotel - Pune",
    "action_flag": 2,
    "change_message": "[{\"changed\": {\"fields\": [\"Nearby hospitals\"]}}, {\"added\": {\"name\": \"Hotel Image\", \"object\": \"Image for Pune Plaza Hotel\"}}]"
  }
},
{
  "model": "admin.logentry",
  "pk": 170,
  "fields": {
    "action_time": "2025-10-31T15:15:49.918Z",
    "user": [
      "cool"
    ],
    "content_type": [
      "hotels",
      "hotel"
    ],
    "object_id": "14",
    "object_repr": "The Park New Delhi - New Delhi",
    "action_flag": 2,
    "change_message": "[{\"changed\": {\"fields\": [\"Nearby hospitals\"]}}, {\"added\": {\"name\": \"Hotel Image\", \"object\": \"Image for The Park New Delhi\"}}]"
  }
},
{
  "model": "admin.logentry",
  "pk": 171,
  "fields": {
    "action_time": "2025-10-31T15:16:15.685Z",
    "user": [
      "cool"
    ],
    "content_type": [
      "hotels",
      "hotel"
    ],
    "object_id": "4",
    "object_repr": "City Central Hotel - Delhi",
    "action_flag": 2,
    "change_message": "[{\"added\": {\"name\": \"Hotel Image\", \"object\": \"Image for City Central Hotel\"}}]"
  }
},
{
  "model": "admin.logentry",
  "pk": 172,
  "fields": {
    "action_time": "2025-10-31T15:17:44.227Z",
    "user": [
      "cool"
    ],
    "content_type": [
      "hotels",
      "hotel"
    ],
    "object_id": "11",
    "object_repr": "The Lalit New Delhi - New Delhi",
    "action_flag": 2,
    "change_message": "[{\"changed\": {\"fields\": [\"Nearby hospitals\"]}}, {\"added\": {\"name\": \"Hotel Image\", \"object\": \"Image for The Lalit New Delhi\"}}]"
  }
},
{
  "model": "admin.logentry",
  "pk": 173,
  "fields": {
    "action_time": "2025-10-31T15:18:12.121Z",
    "user": [
      "cool"
    ],
    "content_type": [
      "hotels",
      "hotel"
    ],
    "object_id": "15",
    "object_repr": "JW Marriott Pune - Pune",
    "action_flag": 2,
    "change_message": "[{\"changed\": {\"fields\": [\"Nearby hospitals\"]}}, {\"added\": {\"name\": \"Hotel Image\", \"object\": \"Image for JW Marriott Pune\"}}]"
  }
},
{
  "model": "admin.logentry",
  "pk": 174,
  "fields": {
    "action_time": "2025-11-01T05:37:08.418Z",
    "user": [
      "cool"
    ],
    "content_type": [
      "hotels",
      "hotel"
    ],
    "object_id": "7",
    "object_repr": "The Lodhi - New Delhi",
    "action_flag": 2,
    "change_message": "[{\"changed\": {\"name\": \"Hotel Image\", \"object\": \"Image URL for The Lodhi\", \"fields\": [\"Image\", \"Image url\"]}}]"
  }
},
{
  "model": "admin.logentry",
  "pk": 175,
  "fields": {
    "action_time": "2025-11-01T05:37:35.359Z",
    "user": [
      "cool"
    ],
    "content_type": [
      "hotels",
      "hotel"
    ],
    "object_id": "13",
    "object_repr": "The Taj Mahal Palace - Mumbai",
    "action_flag": 2,
    "change_message": "[{\"changed\": {\"name\": \"Hotel Image\", \"object\": \"Image URL for The Taj Mahal Palace\", \"fields\": [\"Image\", \"Image url\"]}}]"
  }
},
{
  "model": "admin.logentry",
  "pk": 176,
  "fields": {
    "action_time": "2025-11-01T05:37:56.349Z",
    "user": [
      "cool"
    ],
    "content_type": [
      "hotels",
      "hotel"
    ],
    "object_id": "5",
    "object_repr": "Heritage Palace - Jaipur",
    "action_flag": 2,
    "change_message": "[{\"changed\": {\"name\": \"Hotel Image\", \"object\": \"Image URL for Heritage Palace\", \"fields\": [\"Image\", \"Image url\"]}}]"
  }
},
{
  "model": "admin.logentry",
  "pk": 177,
  "fields": {
    "action_time": "2025-11-01T05:38:25.890Z",
    "user": [
      "cool"
    ],
    "content_type": [
      "hotels",
      "hotel"
    ],
    "object_id": "8",
    "object_repr": "The Oberoi - New Delhi",
    "action_flag": 2,
    "change_message": "[{\"changed\": {\"name\": \"Hotel Image\", \"object\": \"Image URL for The Oberoi\", \"fields\": [\"Image\", \"Image url\"]}}]"
  }
},
{
  "model": "admin.logentry",
  "pk": 178,
  "fields": {
    "action_time": "2025-11-01T05:38:41.479Z",
    "user": [
      "cool"
    ],
    "content_type": [
      "hotels",
      "hotel"
    ],
    "object_id": "9",
    "object_repr": "Taj Palace - New Delhi",
    "action_flag": 2,
    "change_message": "[{\"changed\": {\"name\": \"Hotel Image\", \"object\": \"Image URL for Taj Palace\", \"fields\": [\"Image\", \"Image url\"]}}]"
  }
},
{
  "model": "admin.logentry",
  "pk": 179,
  "fields": {
    "action_time": "2025-11-01T05:39:03.906Z",
    "user": [
      "cool"
    ],
    "content_type": [
      "hotels",
      "hotel"
    ],
    "object_id": "12",
    "object_repr": "Trident Nariman Point - Mumbai",
    "action_flag": 2,
    "change_message": "[{\"changed\": {\"name\": \"Hotel Image\", \"object\": \"Image URL for Trident Nariman Point\", \"fields\": [\"Image\", \"Image url\"]}}]"
  }
},
{
  "model": "admin.logentry",
  "pk": 180,
  "fields": {
    "action_time": "2025-11-01T05:39:22.347Z",
    "user": [
      "cool"
    ],
    "content_type": [
      "hotels",
      "hotel"
    ],
    "object_id": "1",
    "object_repr": "Grand Plaza Hotel - Mumbai",
    "action_flag": 2,
    "change_message": "[{\"changed\": {\"name\": \"Hotel Image\", \"object\": \"Image URL for Grand Plaza Hotel\", \"fields\": [\"Image\", \"Image url\"]}}]"
  }
},
{
  "model": "admin.logentry",
  "pk": 181,
  "fields": {
    "action_time": "2025-11-01T05:39:48.391Z",
    "user": [
      "cool"
    ],
    "content_type": [
      "hotels",
      "hotel"
    ],
    "object_id": "10",
    "object_repr": "ITC Maurya - New Delhi",
    "action_flag": 2,
    "change_message": "[{\"changed\": {\"name\": \"Hotel Image\", \"object\": \"Image URL for ITC Maurya\", \"fields\": [\"Image\", \"Image url\"]}}]"
  }
},
{
  "model": "admin.logentry",
  "pk": 182,
  "fields": {
    "action_time": "2025-11-01T05:40:06.252Z",
    "user": [
      "cool"
    ],
    "content_type": [
      "hotels",
      "hotel"
    ],
    "object_id": "15",
    "object_repr": "JW Marriott Pune - Pune",
    "action_flag": 2,
    "change_message": "[{\"changed\": {\"name\": \"Hotel Image\", \"object\": \"Image URL for JW Marriott Pune\", \"fields\": [\"Image\", \"Image url\"]}}]"
  }
},
{
  "model": "admin.logentry",
  "pk": 183,
  "fields": {
    "action_time": "2025-11-01T05:40:48.165Z",
    "user": [
      "cool"
    ],
    "content_type": [
      "hotels",
      "hotel"
    ],
    "object_id": "11",
    "object_repr": "The Lalit New Delhi - New Delhi",
    "action_flag": 2,
    "change_message": "[{\"changed\": {\"name\": \"Hotel Image\", \"object\": \"Image URL for The Lalit New Delhi\", \"fields\": [\"Image\", \"Image url\"]}}]"
  }
},
{
  "model": "admin.logentry",
  "pk": 184,
  "fields": {
    "action_time": "2025-11-01T05:41:25.681Z",
    "user": [
      "cool"
    ],
    "content_type": [
      "hotels",
      "hotel"
    ],
    "object_id": "4",
    "object_repr": "City Central Hotel - Delhi",
    "action_flag": 2,
    "change_message": "[{\"changed\": {\"name\": \"Hotel Image\", \"object\": \"Image URL for City Central Hotel\", \"fields\": [\"Image\", \"Image url\"]}}, {\"deleted\": {\"name\": \"Hotel Image\", \"object\": \"Image for City Central Hotel\"}}]"
  }
},
{
  "model": "admin.logentry",
  "pk": 185,
  "fields": {
    "action_time": "2025-11-01T05:41:50.239Z",
    "user": [
      "cool"
    ],
    "content_type": [
      "hotels",
      "hotel"
    ],
    "object_id": "14",
    "object_repr": "The Park New Delhi - New Delhi",
    "action_flag": 2,
    "change_message": "[{\"changed\": {\"name\": \"Hotel Image\", \"object\": \"Image URL for The Park New Delhi\", \"fields\": [\"Image\", \"Image url\"]}}]"
  }
},
{
  "model": "admin.logentry",
  "pk": 186,
  "fields": {
    "action_time": "2025-11-01T05:42:08.511Z",
    "user": [
      "cool"
    ],
    "content_type": [
      "hotels",
      "hotel"
    ],
    "object_id": "6",
    "object_repr": "Pune Plaza Hotel - Pune",
    "action_flag": 2,
    "change_message": "[{\"changed\": {\"name\": \"Hotel Image\", \"object\": \"Image URL for Pune Plaza Hotel\", \"fields\": [\"Image\", \"Image url\"]}}]"
  }
},
{
  "model": "admin.logentry",
  "pk": 187,
  "fields": {
    "action_time": "2025-11-01T05:42:29.503Z",
    "user": [
      "cool"
    ],
    "content_type": [
      "hotels",
      "hotel"
    ],
    "object_id": "2",
    "object_repr": "Seaside Resort - Goa",
    "action_flag": 2,
    "change_message": "[{\"changed\": {\"name\": \"Hotel Image\", \"object\": \"Image URL for Seaside Resort\", \"fields\": [\"Image\", \"Image url\"]}}]"
  }
},
{
  "model": "admin.logentry",
  "pk": 188,
  "fields": {
    "action_time": "2025-11-01T05:42:52.571Z",
    "user": [
      "cool"
    ],
    "content_type": [
      "hotels",
      "hotel"
    ],
    "object_id": "3",
    "object_repr": "Mountain View Inn - Manali",
    "action_flag": 2,
    "change_message": "[{\"changed\": {\"name\": \"Hotel Image\", \"object\": \"Image URL for Mountain View Inn\", \"fields\": [\"Image\", \"Image url\"]}}]"
  }
},
{
  "model": "admin.logentry",
  "pk": 189,
  "fields": {
    "action_time": "2026-01-13T04:11:46.389Z",
    "user": [
      "cool"
    ],
    "content_type": [
      "auth",
      "user"
    ],
    "object_id": "2",
    "object_repr": "admin",
    "action_flag": 3,
    "change_message": ""
  }
},
{
  "model": "admin.logentry",
  "pk": 190,
  "fields": {
    "action_time": "2026-01-13T04:11:46.389Z",
    "user": [
      "cool"
    ],
    "content_type": [
      "auth",
      "user"
    ],
    "object_id": "20",
    "object_repr": "admin_fixture",
    "action_flag": 3,
    "change_message": ""
  }
},
{
  "model": "admin.logentry",
  "pk": 191,
  "fields": {
    "action_time": "2026-01-13T04:11:46.389Z",
    "user": [
      "cool"
    ],
    "content_type": [
      "auth",
      "user"
    ],
    "object_id": "22",
    "object_repr": "dr_johnson_fixture",
    "action_flag": 3,
    "change_message": ""
  }
},
{
  "model": "admin.logentry",
  "pk": 192,
  "fields": {
    "action_time": "2026-01-13T04:11:46.389Z",
    "user": [
      "cool"
    ],
    "content_type": [
      "auth",
      "user"
    ],
    "object_id": "21",
    "object_repr": "dr_smith_fixture",
    "action_flag": 3,
    "change_message": ""
  }
},
{
  "model": "admin.logentry",
  "pk": 193,
  "fields": {
    "action_time": "2026-01-13T04:11:46.389Z",
    "user": [
      "cool"
    ],
    "content_type": [
      "auth",
      "user"
    ],
    "object_id": "23",
    "object_repr": "patient1_fixture",
    "action_flag": 3,
    "change_message": ""
  }
},
{
  "model": "admin.logentry",
  "pk": 194,
  "fields": {
    "action_time": "2026-01-13T04:11:46.389Z",
    "user": [
      "cool"
    ],
    "content_type": [
      "auth",
      "user"
    ],
    "object_id": "24",
    "object_repr": "patient2_fixture",
    "action_flag": 3,
    "change_message": ""
  }
},
{
  "model": "admin.logentry",
  "pk": 195,
  "fields": {
    "action_time": "2026-01-13T04:11:46.390Z",
    "user": [
      "cool"
    ],
    "content_type": [
      "auth",
      "user"
    ],
    "object_id": "31",
    "object_repr": "saklanisahil2",
    "action_flag": 3,
    "change_message": ""
  }
},
{
  "model": "admin.logentry",
  "pk": 196,
  "fields": {
    "action_time": "2026-01-13T04:11:46.390Z",
    "user": [
      "cool"
    ],
    "content_type": [
      "auth",
      "user"
    ],
    "object_id": "26",
    "object_repr": "tusharsinghkumar04",
    "action_flag": 3,
    "change_message": ""
  }
},
{
  "model": "admin.logentry",
  "pk": 197,
  "fields": {
    "action_time": "2026-01-13T10:01:57.671Z",
    "user": [
      "cool"
    ],
    "content_type": [
      "hospitals",
      "hospital"
    ],
    "object_id": "6",
    "object_repr": "tOrthoPlus Joint Center",
    "action_flag": 2,
    "change_message": "[{\"changed\": {\"fields\": [\"Name\", \"Profile picture\", \"Treatments\"]}}, {\"added\": {\"name\": \"hospital media\", \"object\": \"Media for tOrthoPlus Joint Center\"}}]"
  }
},
{
  "model": "admin.logentry",
  "pk": 198,
  "fields": {
    "action_time": "2026-01-13T10:02:59.899Z",
    "user": [
      "cool"
    ],
    "content_type": [
      "hospitals",
      "hospital"
    ],
    "object_id": "7",
    "object_repr": "Aesthetic Beauty Clinic",
    "action_flag": 2,
    "change_message": "[{\"changed\": {\"fields\": [\"Profile picture\", \"Treatments\"]}}, {\"added\": {\"name\": \"hospital media\", \"object\": \"Media for Aesthetic Beauty Clinic\"}}]"
  }
},
{
  "model": "admin.logentry",
  "pk": 199,
  "fields": {
    "action_time": "2026-01-20T17:50:53.463Z",
    "user": [
      "cool"
    ],
    "content_type": [
      "hospitals",
      "hospital"
    ],
    "object_id": "6",
    "object_repr": "OrthoPlus Joint Center",
    "action_flag": 2,
    "change_message": "[{\"changed\": {\"fields\": [\"Name\"]}}]"
  }
},
{
  "model": "admin.logentry",
  "pk": 200,
  "fields": {
    "action_time": "2026-01-20T17:51:15.043Z",
    "user": [
      "cool"
    ],
    "content_type": [
      "enquiry_bot",
      "chatmessage"
    ],
    "object_id": "132",
    "object_repr": "bot: TakeOpinion offers 24/7 customer support through m",
    "action_flag": 3,
    "change_message": ""
  }
},
{
  "model": "admin.logentry",
  "pk": 201,
  "fields": {
    "action_time": "2026-01-20T17:51:15.045Z",
    "user": [
      "cool"
    ],
    "content_type": [
      "enquiry_bot",
      "chatmessage"
    ],
    "object_id": "131",
    "object_repr": "user: Contact support",
    "action_flag": 3,
    "change_message": ""
  }
},
{
  "model": "admin.logentry",
  "pk": 202,
  "fields": {
    "action_time": "2026-01-20T17:51:15.045Z",
    "user": [
      "cool"
    ],
    "content_type": [
      "enquiry_bot",
      "chatmessage"
    ],
    "object_id": "130",
    "object_repr": "bot: I'm your TakeOpinion assistant. I can help you wit",
    "action_flag": 3,
    "change_message": ""
  }
},
{
  "model": "admin.logentry",
  "pk": 203,
  "fields": {
    "action_time": "2026-01-20T17:51:15.046Z",
    "user": [
      "cool"
    ],
    "content_type": [
      "enquiry_bot",
      "chatmessage"
    ],
    "object_id": "129",
    "object_repr": "user: arjun mehta",
    "action_flag": 3,
    "change_message": ""
  }
},
{
  "model": "admin.logentry",
  "pk": 204,
  "fields": {
    "action_time": "2026-01-20T17:51:15.046Z",
    "user": [
      "cool"
    ],
    "content_type": [
      "enquiry_bot",
      "chatmessage"
    ],
    "object_id": "128",
    "object_repr": "bot: Our platform provides detailed doctor profiles wit",
    "action_flag": 3,
    "change_message": ""
  }
},
{
  "model": "admin.logentry",
  "pk": 205,
  "fields": {
    "action_time": "2026-01-20T17:51:15.046Z",
    "user": [
      "cool"
    ],
    "content_type": [
      "enquiry_bot",
      "chatmessage"
    ],
    "object_id": "127",
    "object_repr": "user: Tell me about doctors",
    "action_flag": 3,
    "change_message": ""
  }
},
{
  "model": "admin.logentry",
  "pk": 206,
  "fields": {
    "action_time": "2026-01-20T17:51:15.047Z",
    "user": [
      "cool"
    ],
    "content_type": [
      "enquiry_bot",
      "chatmessage"
    ],
    "object_id": "126",
    "object_repr": "bot: We offer comprehensive hospital information includ",
    "action_flag": 3,
    "change_message": ""
  }
},
{
  "model": "admin.logentry",
  "pk": 207,
  "fields": {
    "action_time": "2026-01-20T17:51:15.047Z",
    "user": [
      "cool"
    ],
    "content_type": [
      "enquiry_bot",
      "chatmessage"
    ],
    "object_id": "125",
    "object_repr": "user: Tell me about hospitals",
    "action_flag": 3,
    "change_message": ""
  }
},
{
  "model": "admin.logentry",
  "pk": 208,
  "fields": {
    "action_time": "2026-01-20T17:51:15.047Z",
    "user": [
      "cool"
    ],
    "content_type": [
      "enquiry_bot",
      "chatmessage"
    ],
    "object_id": "124",
    "object_repr": "bot: Our platform provides detailed doctor profiles wit",
    "action_flag": 3,
    "change_message": ""
  }
},
{
  "model": "admin.logentry",
  "pk": 209,
  "fields": {
    "action_time": "2026-01-20T17:51:15.047Z",
    "user": [
      "cool"
    ],
    "content_type": [
      "enquiry_bot",
      "chatmessage"
    ],
    "object_id": "123",
    "object_repr": "user: Tell me about doctors",
    "action_flag": 3,
    "change_message": ""
  }
},
{
  "model": "admin.logentry",
  "pk": 210,
  "fields": {
    "action_time": "2026-01-20T17:51:15.047Z",
    "user": [
      "cool"
    ],
    "content_type": [
      "enquiry_bot",
      "chatmessage"
    ],
    "object_id": "122",
    "object_repr": "bot: TakeOpinion offers a comprehensive healthcare plat",
    "action_flag": 3,
    "change_message": ""
  }
},
{
  "model": "admin.logentry",
  "pk": 211,
  "fields": {
    "action_time": "2026-01-20T17:51:15.047Z",
    "user": [
      "cool"
    ],
    "content_type": [
      "enquiry_bot",
      "chatmessage"
    ],
    "object_id": "121",
    "object_repr": "user: What services do you offer?",
    "action_flag": 3,
    "change_message": ""
  }
},
{
  "model": "admin.logentry",
  "pk": 212,
  "fields": {
    "action_time": "2026-01-20T17:51:15.048Z",
    "user": [
      "cool"
    ],
    "content_type": [
      "enquiry_bot",
      "chatmessage"
    ],
    "object_id": "120",
    "object_repr": "bot: Our appointment scheduling system is designed for ",
    "action_flag": 3,
    "change_message": ""
  }
},
{
  "model": "admin.logentry",
  "pk": 213,
  "fields": {
    "action_time": "2026-01-20T17:51:15.048Z",
    "user": [
      "cool"
    ],
    "content_type": [
      "enquiry_bot",
      "chatmessage"
    ],
    "object_id": "119",
    "object_repr": "user: How do I book an appointment?",
    "action_flag": 3,
    "change_message": ""
  }
},
{
  "model": "admin.logentry",
  "pk": 214,
  "fields": {
    "action_time": "2026-01-20T17:51:15.048Z",
    "user": [
      "cool"
    ],
    "content_type": [
      "enquiry_bot",
      "chatmessage"
    ],
    "object_id": "118",
    "object_repr": "bot: Hello! I'm your TakeOpinion assistant. I can help ",
    "action_flag": 3,
    "change_message": ""
  }
},
{
  "model": "admin.logentry",
  "pk": 215,
  "fields": {
    "action_time": "2026-01-20T17:51:15.048Z",
    "user": [
      "cool"
    ],
    "content_type": [
      "enquiry_bot",
      "chatmessage"
    ],
    "object_id": "117",
    "object_repr": "user: hi",
    "action_flag": 3,
    "change_message": ""
  }
},
{
  "model": "admin.logentry",
  "pk": 216,
  "fields": {
    "action_time": "2026-01-20T17:51:15.048Z",
    "user": [
      "cool"
    ],
    "content_type": [
      "enquiry_bot",
      "chatmessage"
    ],
    "object_id": "116",
    "object_repr": "bot: Our platform provides detailed doctor profiles wit",
    "action_flag": 3,
    "change_message": ""
  }
},
{
  "model": "admin.logentry",
  "pk": 217,
  "fields": {
    "action_time": "2026-01-20T17:51:15.048Z",
    "user": [
      "cool"
    ],
    "content_type": [
      "enquiry_bot",
      "chatmessage"
    ],
    "object_id": "115",
    "object_repr": "user: suggest me general physician or specialist.",
    "action_flag": 3,
    "change_message": ""
  }
},
{
  "model": "admin.logentry",
  "pk": 218,
  "fields": {
    "action_time": "2026-01-20T17:51:15.048Z",
    "user": [
      "cool"
    ],
    "content_type": [
      "enquiry_bot",
      "chatmessage"
    ],
    "object_id": "114",
    "object_repr": "bot: I'm your TakeOpinion assistant. I can help you wit",
    "action_flag": 3,
    "change_message": ""
  }
},
{
  "model": "admin.logentry",
  "pk": 219,
  "fields": {
    "action_time": "2026-01-20T17:51:15.049Z",
    "user": [
      "cool"
    ],
    "content_type": [
      "enquiry_bot",
      "chatmessage"
    ],
    "object_id": "113",
    "object_repr": "user: Cardiac Surgeon",
    "action_flag": 3,
    "change_message": ""
  }
},
{
  "model": "admin.logentry",
  "pk": 220,
  "fields": {
    "action_time": "2026-01-20T17:51:15.049Z",
    "user": [
      "cool"
    ],
    "content_type": [
      "enquiry_bot",
      "chatmessage"
    ],
    "object_id": "112",
    "object_repr": "bot: TakeOpinion offers 24/7 customer support through m",
    "action_flag": 3,
    "change_message": ""
  }
},
{
  "model": "admin.logentry",
  "pk": 221,
  "fields": {
    "action_time": "2026-01-20T17:51:15.049Z",
    "user": [
      "cool"
    ],
    "content_type": [
      "enquiry_bot",
      "chatmessage"
    ],
    "object_id": "111",
    "object_repr": "user: help to fing doctor",
    "action_flag": 3,
    "change_message": ""
  }
},
{
  "model": "admin.logentry",
  "pk": 222,
  "fields": {
    "action_time": "2026-01-20T17:51:15.049Z",
    "user": [
      "cool"
    ],
    "content_type": [
      "enquiry_bot",
      "chatmessage"
    ],
    "object_id": "110",
    "object_repr": "bot: Hello! I'm your TakeOpinion assistant. I can help ",
    "action_flag": 3,
    "change_message": ""
  }
},
{
  "model": "admin.logentry",
  "pk": 223,
  "fields": {
    "action_time": "2026-01-20T17:51:15.049Z",
    "user": [
      "cool"
    ],
    "content_type": [
      "enquiry_bot",
      "chatmessage"
    ],
    "object_id": "109",
    "object_repr": "user: hello",
    "action_flag": 3,
    "change_message": ""
  }
},
{
  "model": "admin.logentry",
  "pk": 224,
  "fields": {
    "action_time": "2026-01-20T17:51:15.049Z",
    "user": [
      "cool"
    ],
    "content_type": [
      "enquiry_bot",
      "chatmessage"
    ],
    "object_id": "108",
    "object_repr": "bot: I can help you analyze medical reports. Please use",
    "action_flag": 3,
    "change_message": ""
  }
},
{
  "model": "admin.logentry",
  "pk": 225,
  "fields": {
    "action_time": "2026-01-20T17:51:15.050Z",
    "user": [
      "cool"
    ],
    "content_type": [
      "enquiry_bot",
      "chatmessage"
    ],
    "object_id": "107",
    "object_repr": "user: 4",
    "action_flag": 3,
    "change_message": ""
  }
},
{
  "model": "admin.logentry",
  "pk": 226,
  "fields": {
    "action_time": "2026-01-20T17:51:15.050Z",
    "user": [
      "cool"
    ],
    "content_type": [
      "enquiry_bot",
      "chatmessage"
    ],
    "object_id": "106",
    "object_repr": "bot: TakeOpinion offers 24/7 customer support through m",
    "action_flag": 3,
    "change_message": ""
  }
},
{
  "model": "admin.logentry",
  "pk": 227,
  "fields": {
    "action_time": "2026-01-20T17:51:15.050Z",
    "user": [
      "cool"
    ],
    "content_type": [
      "enquiry_bot",
      "chatmessage"
    ],
    "object_id": "105",
    "object_repr": "user: Can you help me book an appointment?",
    "action_flag": 3,
    "change_message": ""
  }
},
{
  "model": "admin.logentry",
  "pk": 228,
  "fields": {
    "action_time": "2026-01-20T17:51:15.051Z",
    "user": [
      "cool"
    ],
    "content_type": [
      "enquiry_bot",
      "chatmessage"
    ],
    "object_id": "104",
    "object_repr": "bot: Our platform provides detailed doctor profiles wit",
    "action_flag": 3,
    "change_message": ""
  }
},
{
  "model": "admin.logentry",
  "pk": 229,
  "fields": {
    "action_time": "2026-01-20T17:51:15.051Z",
    "user": [
      "cool"
    ],
    "content_type": [
      "enquiry_bot",
      "chatmessage"
    ],
    "object_id": "103",
    "object_repr": "user: How do I search for doctors?",
    "action_flag": 3,
    "change_message": ""
  }
},
{
  "model": "admin.logentry",
  "pk": 230,
  "fields": {
    "action_time": "2026-01-20T17:51:15.051Z",
    "user": [
      "cool"
    ],
    "content_type": [
      "enquiry_bot",
      "chatmessage"
    ],
    "object_id": "102",
    "object_repr": "bot: You can search for treatments, doctors, and hospit",
    "action_flag": 3,
    "change_message": ""
  }
},
{
  "model": "admin.logentry",
  "pk": 231,
  "fields": {
    "action_time": "2026-01-20T17:51:15.052Z",
    "user": [
      "cool"
    ],
    "content_type": [
      "enquiry_bot",
      "chatmessage"
    ],
    "object_id": "101",
    "object_repr": "user: I want to find a cardiologist",
    "action_flag": 3,
    "change_message": ""
  }
},
{
  "model": "admin.logentry",
  "pk": 232,
  "fields": {
    "action_time": "2026-01-20T17:51:15.052Z",
    "user": [
      "cool"
    ],
    "content_type": [
      "enquiry_bot",
      "chatmessage"
    ],
    "object_id": "100",
    "object_repr": "bot: Hello! I'm your TakeOpinion assistant. I can help ",
    "action_flag": 3,
    "change_message": ""
  }
},
{
  "model": "admin.logentry",
  "pk": 233,
  "fields": {
    "action_time": "2026-01-20T17:51:15.052Z",
    "user": [
      "cool"
    ],
    "content_type": [
      "enquiry_bot",
      "chatmessage"
    ],
    "object_id": "99",
    "object_repr": "user: hello",
    "action_flag": 3,
    "change_message": ""
  }
},
{
  "model": "admin.logentry",
  "pk": 234,
  "fields": {
    "action_time": "2026-01-20T17:51:15.052Z",
    "user": [
      "cool"
    ],
    "content_type": [
      "enquiry_bot",
      "chatmessage"
    ],
    "object_id": "98",
    "object_repr": "bot: I can help you analyze medical reports. Please use",
    "action_flag": 3,
    "change_message": ""
  }
},
{
  "model": "admin.logentry",
  "pk": 235,
  "fields": {
    "action_time": "2026-01-20T17:51:15.052Z",
    "user": [
      "cool"
    ],
    "content_type": [
      "enquiry_bot",
      "chatmessage"
    ],
    "object_id": "97",
    "object_repr": "user: 4",
    "action_flag": 3,
    "change_message": ""
  }
},
{
  "model": "admin.logentry",
  "pk": 236,
  "fields": {
    "action_time": "2026-01-20T17:51:15.052Z",
    "user": [
      "cool"
    ],
    "content_type": [
      "enquiry_bot",
      "chatmessage"
    ],
    "object_id": "96",
    "object_repr": "bot: TakeOpinion offers 24/7 customer support through m",
    "action_flag": 3,
    "change_message": ""
  }
},
{
  "model": "admin.logentry",
  "pk": 237,
  "fields": {
    "action_time": "2026-01-20T17:51:15.052Z",
    "user": [
      "cool"
    ],
    "content_type": [
      "enquiry_bot",
      "chatmessage"
    ],
    "object_id": "95",
    "object_repr": "user: Can you help me book an appointment?",
    "action_flag": 3,
    "change_message": ""
  }
},
{
  "model": "admin.logentry",
  "pk": 238,
  "fields": {
    "action_time": "2026-01-20T17:51:15.052Z",
    "user": [
      "cool"
    ],
    "content_type": [
      "enquiry_bot",
      "chatmessage"
    ],
    "object_id": "94",
    "object_repr": "bot: Our platform provides detailed doctor profiles wit",
    "action_flag": 3,
    "change_message": ""
  }
},
{
  "model": "admin.logentry",
  "pk": 239,
  "fields": {
    "action_time": "2026-01-20T17:51:15.053Z",
    "user": [
      "cool"
    ],
    "content_type": [
      "enquiry_bot",
      "chatmessage"
    ],
    "object_id": "93",
    "object_repr": "user: How do I search for doctors?",
    "action_flag": 3,
    "change_message": ""
  }
},
{
  "model": "admin.logentry",
  "pk": 240,
  "fields": {
    "action_time": "2026-01-20T17:51:15.053Z",
    "user": [
      "cool"
    ],
    "content_type": [
      "enquiry_bot",
      "chatmessage"
    ],
    "object_id": "92",
    "object_repr": "bot: You can search for treatments, doctors, and hospit",
    "action_flag": 3,
    "change_message": ""
  }
},
{
  "model": "admin.logentry",
  "pk": 241,
  "fields": {
    "action_time": "2026-01-20T17:51:15.053Z",
    "user": [
      "cool"
    ],
    "content_type": [
      "enquiry_bot",
      "chatmessage"
    ],
    "object_id": "91",
    "object_repr": "user: I want to find a cardiologist",
    "action_flag": 3,
    "change_message": ""
  }
},
{
  "model": "admin.logentry",
  "pk": 242,
  "fields": {
    "action_time": "2026-01-20T17:51:15.053Z",
    "user": [
      "cool"
    ],
    "content_type": [
      "enquiry_bot",
      "chatmessage"
    ],
    "object_id": "90",
    "object_repr": "bot: Hello! I'm your TakeOpinion assistant. I can help ",
    "action_flag": 3,
    "change_message": ""
  }
},
{
  "model": "admin.logentry",
  "pk": 243,
  "fields": {
    "action_time": "2026-01-20T17:51:15.053Z",
    "user": [
      "cool"
    ],
    "content_type": [
      "enquiry_bot",
      "chatmessage"
    ],
    "object_id": "89",
    "object_repr": "user: Hello",
    "action_flag": 3,
    "change_message": ""
  }
},
{
  "model": "admin.logentry",
  "pk": 244,
  "fields": {
    "action_time": "2026-01-20T17:51:15.053Z",
    "user": [
      "cool"
    ],
    "content_type": [
      "enquiry_bot",
      "chatmessage"
    ],
    "object_id": "88",
    "object_repr": "bot: Our platform provides detailed doctor profiles wit",
    "action_flag": 3,
    "change_message": ""
  }
},
{
  "model": "admin.logentry",
  "pk": 245,
  "fields": {
    "action_time": "2026-01-20T17:51:15.053Z",
    "user": [
      "cool"
    ],
    "content_type": [
      "enquiry_bot",
      "chatmessage"
    ],
    "object_id": "87",
    "object_repr": "user: I want to search for doctors",
    "action_flag": 3,
    "change_message": ""
  }
},
{
  "model": "admin.logentry",
  "pk": 246,
  "fields": {
    "action_time": "2026-01-20T17:51:15.054Z",
    "user": [
      "cool"
    ],
    "content_type": [
      "enquiry_bot",
      "chatmessage"
    ],
    "object_id": "86",
    "object_repr": "bot: Our platform provides detailed doctor profiles wit",
    "action_flag": 3,
    "change_message": ""
  }
},
{
  "model": "admin.logentry",
  "pk": 247,
  "fields": {
    "action_time": "2026-01-20T17:51:15.054Z",
    "user": [
      "cool"
    ],
    "content_type": [
      "enquiry_bot",
      "chatmessage"
    ],
    "object_id": "85",
    "object_repr": "user: Yes, how do I search for doctors?",
    "action_flag": 3,
    "change_message": ""
  }
},
{
  "model": "admin.logentry",
  "pk": 248,
  "fields": {
    "action_time": "2026-01-20T17:51:15.054Z",
    "user": [
      "cool"
    ],
    "content_type": [
      "enquiry_bot",
      "chatmessage"
    ],
    "object_id": "84",
    "object_repr": "bot: Our platform provides detailed doctor profiles wit",
    "action_flag": 3,
    "change_message": ""
  }
},
{
  "model": "admin.logentry",
  "pk": 249,
  "fields": {
    "action_time": "2026-01-20T17:51:15.054Z",
    "user": [
      "cool"
    ],
    "content_type": [
      "enquiry_bot",
      "chatmessage"
    ],
    "object_id": "83",
    "object_repr": "user: doctor for diabetes",
    "action_flag": 3,
    "change_message": ""
  }
},
{
  "model": "admin.logentry",
  "pk": 250,
  "fields": {
    "action_time": "2026-01-20T17:51:15.055Z",
    "user": [
      "cool"
    ],
    "content_type": [
      "enquiry_bot",
      "chatmessage"
    ],
    "object_id": "82",
    "object_repr": "bot: Hello! I'm your TakeOpinion assistant. I can help ",
    "action_flag": 3,
    "change_message": ""
  }
},
{
  "model": "admin.logentry",
  "pk": 251,
  "fields": {
    "action_time": "2026-01-20T17:51:15.055Z",
    "user": [
      "cool"
    ],
    "content_type": [
      "enquiry_bot",
      "chatmessage"
    ],
    "object_id": "81",
    "object_repr": "user: hello",
    "action_flag": 3,
    "change_message": ""
  }
},
{
  "model": "admin.logentry",
  "pk": 252,
  "fields": {
    "action_time": "2026-01-20T17:51:15.055Z",
    "user": [
      "cool"
    ],
    "content_type": [
      "enquiry_bot",
      "chatmessage"
    ],
    "object_id": "80",
    "object_repr": "bot: I'm your TakeOpinion assistant. I can help you wit",
    "action_flag": 3,
    "change_message": ""
  }
},
{
  "model": "admin.logentry",
  "pk": 253,
  "fields": {
    "action_time": "2026-01-20T17:51:15.055Z",
    "user": [
      "cool"
    ],
    "content_type": [
      "enquiry_bot",
      "chatmessage"
    ],
    "object_id": "79",
    "object_repr": "user: diabetes",
    "action_flag": 3,
    "change_message": ""
  }
},
{
  "model": "admin.logentry",
  "pk": 254,
  "fields": {
    "action_time": "2026-01-20T17:51:15.055Z",
    "user": [
      "cool"
    ],
    "content_type": [
      "enquiry_bot",
      "chatmessage"
    ],
    "object_id": "78",
    "object_repr": "bot: Hello! I'm your TakeOpinion assistant. I can help ",
    "action_flag": 3,
    "change_message": ""
  }
},
{
  "model": "admin.logentry",
  "pk": 255,
  "fields": {
    "action_time": "2026-01-20T17:51:15.055Z",
    "user": [
      "cool"
    ],
    "content_type": [
      "enquiry_bot",
      "chatmessage"
    ],
    "object_id": "77",
    "object_repr": "user: hello",
    "action_flag": 3,
    "change_message": ""
  }
},
{
  "model": "admin.logentry",
  "pk": 256,
  "fields": {
    "action_time": "2026-01-20T17:51:15.055Z",
    "user": [
      "cool"
    ],
    "content_type": [
      "enquiry_bot",
      "chatmessage"
    ],
    "object_id": "76",
    "object_repr": "bot: You can book appointments with the best doctors an",
    "action_flag": 3,
    "change_message": ""
  }
},
{
  "model": "admin.logentry",
  "pk": 257,
  "fields": {
    "action_time": "2026-01-20T17:51:15.055Z",
    "user": [
      "cool"
    ],
    "content_type": [
      "enquiry_bot",
      "chatmessage"
    ],
    "object_id": "75",
    "object_repr": "user: book a consultant",
    "action_flag": 3,
    "change_message": ""
  }
},
{
  "model": "admin.logentry",
  "pk": 258,
  "fields": {
    "action_time": "2026-01-20T17:51:15.056Z",
    "user": [
      "cool"
    ],
    "content_type": [
      "enquiry_bot",
      "chatmessage"
    ],
    "object_id": "74",
    "object_repr": "bot: Our platform provides detailed doctor profiles wit",
    "action_flag": 3,
    "change_message": ""
  }
},
{
  "model": "admin.logentry",
  "pk": 259,
  "fields": {
    "action_time": "2026-01-20T17:51:15.056Z",
    "user": [
      "cool"
    ],
    "content_type": [
      "enquiry_bot",
      "chatmessage"
    ],
    "object_id": "73",
    "object_repr": "user: doctors",
    "action_flag": 3,
    "change_message": ""
  }
},
{
  "model": "admin.logentry",
  "pk": 260,
  "fields": {
    "action_time": "2026-01-20T17:51:15.056Z",
    "user": [
      "cool"
    ],
    "content_type": [
      "enquiry_bot",
      "chatmessage"
    ],
    "object_id": "72",
    "object_repr": "bot: Our platform provides detailed doctor profiles wit",
    "action_flag": 3,
    "change_message": ""
  }
},
{
  "model": "admin.logentry",
  "pk": 261,
  "fields": {
    "action_time": "2026-01-20T17:51:15.056Z",
    "user": [
      "cool"
    ],
    "content_type": [
      "enquiry_bot",
      "chatmessage"
    ],
    "object_id": "71",
    "object_repr": "user: doctor",
    "action_flag": 3,
    "change_message": ""
  }
},
{
  "model": "admin.logentry",
  "pk": 262,
  "fields": {
    "action_time": "2026-01-20T17:51:15.056Z",
    "user": [
      "cool"
    ],
    "content_type": [
      "enquiry_bot",
      "chatmessage"
    ],
    "object_id": "70",
    "object_repr": "bot: Our platform provides detailed doctor profiles wit",
    "action_flag": 3,
    "change_message": ""
  }
},
{
  "model": "admin.logentry",
  "pk": 263,
  "fields": {
    "action_time": "2026-01-20T17:51:15.056Z",
    "user": [
      "cool"
    ],
    "content_type": [
      "enquiry_bot",
      "chatmessage"
    ],
    "object_id": "69",
    "object_repr": "user: suggest me doctor",
    "action_flag": 3,
    "change_message": ""
  }
},
{
  "model": "admin.logentry",
  "pk": 264,
  "fields": {
    "action_time": "2026-01-20T17:51:15.056Z",
    "user": [
      "cool"
    ],
    "content_type": [
      "enquiry_bot",
      "chatmessage"
    ],
    "object_id": "68",
    "object_repr": "bot: Our platform provides detailed doctor profiles wit",
    "action_flag": 3,
    "change_message": ""
  }
},
{
  "model": "admin.logentry",
  "pk": 265,
  "fields": {
    "action_time": "2026-01-20T17:51:15.056Z",
    "user": [
      "cool"
    ],
    "content_type": [
      "enquiry_bot",
      "chatmessage"
    ],
    "object_id": "67",
    "object_repr": "user: suggest me doctor",
    "action_flag": 3,
    "change_message": ""
  }
},
{
  "model": "admin.logentry",
  "pk": 266,
  "fields": {
    "action_time": "2026-01-20T17:51:15.057Z",
    "user": [
      "cool"
    ],
    "content_type": [
      "enquiry_bot",
      "chatmessage"
    ],
    "object_id": "66",
    "object_repr": "bot: Hello! I'm your TakeOpinion assistant. I can help ",
    "action_flag": 3,
    "change_message": ""
  }
},
{
  "model": "admin.logentry",
  "pk": 267,
  "fields": {
    "action_time": "2026-01-20T17:51:15.057Z",
    "user": [
      "cool"
    ],
    "content_type": [
      "enquiry_bot",
      "chatmessage"
    ],
    "object_id": "65",
    "object_repr": "user: hi",
    "action_flag": 3,
    "change_message": ""
  }
},
{
  "model": "admin.logentry",
  "pk": 268,
  "fields": {
    "action_time": "2026-01-20T17:51:15.057Z",
    "user": [
      "cool"
    ],
    "content_type": [
      "enquiry_bot",
      "chatmessage"
    ],
    "object_id": "64",
    "object_repr": "bot: Our platform provides detailed doctor profiles wit",
    "action_flag": 3,
    "change_message": ""
  }
},
{
  "model": "admin.logentry",
  "pk": 269,
  "fields": {
    "action_time": "2026-01-20T17:51:15.057Z",
    "user": [
      "cool"
    ],
    "content_type": [
      "enquiry_bot",
      "chatmessage"
    ],
    "object_id": "63",
    "object_repr": "user: doctor",
    "action_flag": 3,
    "change_message": ""
  }
},
{
  "model": "admin.logentry",
  "pk": 270,
  "fields": {
    "action_time": "2026-01-20T17:51:15.057Z",
    "user": [
      "cool"
    ],
    "content_type": [
      "enquiry_bot",
      "chatmessage"
    ],
    "object_id": "62",
    "object_repr": "bot: I'm your TakeOpinion assistant. I can help you wit",
    "action_flag": 3,
    "change_message": ""
  }
},
{
  "model": "admin.logentry",
  "pk": 271,
  "fields": {
    "action_time": "2026-01-20T17:51:15.057Z",
    "user": [
      "cool"
    ],
    "content_type": [
      "enquiry_bot",
      "chatmessage"
    ],
    "object_id": "61",
    "object_repr": "user: doctoe",
    "action_flag": 3,
    "change_message": ""
  }
},
{
  "model": "admin.logentry",
  "pk": 272,
  "fields": {
    "action_time": "2026-01-20T17:51:15.057Z",
    "user": [
      "cool"
    ],
    "content_type": [
      "enquiry_bot",
      "chatmessage"
    ],
    "object_id": "60",
    "object_repr": "bot: Hello! I'm your TakeOpinion assistant. I can help ",
    "action_flag": 3,
    "change_message": ""
  }
},
{
  "model": "admin.logentry",
  "pk": 273,
  "fields": {
    "action_time": "2026-01-20T17:51:15.057Z",
    "user": [
      "cool"
    ],
    "content_type": [
      "enquiry_bot",
      "chatmessage"
    ],
    "object_id": "59",
    "object_repr": "user: hello",
    "action_flag": 3,
    "change_message": ""
  }
},
{
  "model": "admin.logentry",
  "pk": 274,
  "fields": {
    "action_time": "2026-01-20T17:51:15.058Z",
    "user": [
      "cool"
    ],
    "content_type": [
      "enquiry_bot",
      "chatmessage"
    ],
    "object_id": "58",
    "object_repr": "bot: I'm your TakeOpinion assistant. I can help you wit",
    "action_flag": 3,
    "change_message": ""
  }
},
{
  "model": "admin.logentry",
  "pk": 275,
  "fields": {
    "action_time": "2026-01-20T17:51:15.058Z",
    "user": [
      "cool"
    ],
    "content_type": [
      "enquiry_bot",
      "chatmessage"
    ],
    "object_id": "57",
    "object_repr": "user: 1",
    "action_flag": 3,
    "change_message": ""
  }
},
{
  "model": "admin.logentry",
  "pk": 276,
  "fields": {
    "action_time": "2026-01-20T17:51:15.058Z",
    "user": [
      "cool"
    ],
    "content_type": [
      "enquiry_bot",
      "chatmessage"
    ],
    "object_id": "56",
    "object_repr": "bot: Booking appointments on TakeOpinion is simple:\n\n1.",
    "action_flag": 3,
    "change_message": ""
  }
},
{
  "model": "admin.logentry",
  "pk": 277,
  "fields": {
    "action_time": "2026-01-20T17:51:15.058Z",
    "user": [
      "cool"
    ],
    "content_type": [
      "enquiry_bot",
      "chatmessage"
    ],
    "object_id": "55",
    "object_repr": "user: booking",
    "action_flag": 3,
    "change_message": ""
  }
},
{
  "model": "admin.logentry",
  "pk": 278,
  "fields": {
    "action_time": "2026-01-20T17:51:15.058Z",
    "user": [
      "cool"
    ],
    "content_type": [
      "enquiry_bot",
      "chatmessage"
    ],
    "object_id": "54",
    "object_repr": "bot: Hello! I'm your TakeOpinion assistant. I can help ",
    "action_flag": 3,
    "change_message": ""
  }
},
{
  "model": "admin.logentry",
  "pk": 279,
  "fields": {
    "action_time": "2026-01-20T17:51:15.059Z",
    "user": [
      "cool"
    ],
    "content_type": [
      "enquiry_bot",
      "chatmessage"
    ],
    "object_id": "53",
    "object_repr": "user: hello",
    "action_flag": 3,
    "change_message": ""
  }
},
{
  "model": "admin.logentry",
  "pk": 280,
  "fields": {
    "action_time": "2026-01-20T17:51:15.059Z",
    "user": [
      "cool"
    ],
    "content_type": [
      "enquiry_bot",
      "chatmessage"
    ],
    "object_id": "52",
    "object_repr": "bot: I'm your TakeOpinion assistant. I can help you wit",
    "action_flag": 3,
    "change_message": ""
  }
},
{
  "model": "admin.logentry",
  "pk": 281,
  "fields": {
    "action_time": "2026-01-20T17:51:15.059Z",
    "user": [
      "cool"
    ],
    "content_type": [
      "enquiry_bot",
      "chatmessage"
    ],
    "object_id": "51",
    "object_repr": "user: speicatlites mbbs",
    "action_flag": 3,
    "change_message": ""
  }
},
{
  "model": "admin.logentry",
  "pk": 282,
  "fields": {
    "action_time": "2026-01-20T17:51:15.059Z",
    "user": [
      "cool"
    ],
    "content_type": [
      "enquiry_bot",
      "chatmessage"
    ],
    "object_id": "50",
    "object_repr": "bot: Our platform provides detailed doctor profiles wit",
    "action_flag": 3,
    "change_message": ""
  }
},
{
  "model": "admin.logentry",
  "pk": 283,
  "fields": {
    "action_time": "2026-01-20T17:51:15.059Z",
    "user": [
      "cool"
    ],
    "content_type": [
      "enquiry_bot",
      "chatmessage"
    ],
    "object_id": "49",
    "object_repr": "user: doctor",
    "action_flag": 3,
    "change_message": ""
  }
},
{
  "model": "admin.logentry",
  "pk": 284,
  "fields": {
    "action_time": "2026-01-20T17:51:15.059Z",
    "user": [
      "cool"
    ],
    "content_type": [
      "enquiry_bot",
      "chatmessage"
    ],
    "object_id": "48",
    "object_repr": "bot: I'm your TakeOpinion assistant. I can help you wit",
    "action_flag": 3,
    "change_message": ""
  }
},
{
  "model": "admin.logentry",
  "pk": 285,
  "fields": {
    "action_time": "2026-01-20T17:51:15.059Z",
    "user": [
      "cool"
    ],
    "content_type": [
      "enquiry_bot",
      "chatmessage"
    ],
    "object_id": "47",
    "object_repr": "user: 1",
    "action_flag": 3,
    "change_message": ""
  }
},
{
  "model": "admin.logentry",
  "pk": 286,
  "fields": {
    "action_time": "2026-01-20T17:51:15.059Z",
    "user": [
      "cool"
    ],
    "content_type": [
      "enquiry_bot",
      "chatmessage"
    ],
    "object_id": "46",
    "object_repr": "bot: Booking appointments on TakeOpinion is simple:\n\n1.",
    "action_flag": 3,
    "change_message": ""
  }
},
{
  "model": "admin.logentry",
  "pk": 287,
  "fields": {
    "action_time": "2026-01-20T17:51:15.060Z",
    "user": [
      "cool"
    ],
    "content_type": [
      "enquiry_bot",
      "chatmessage"
    ],
    "object_id": "45",
    "object_repr": "user: booking",
    "action_flag": 3,
    "change_message": ""
  }
},
{
  "model": "admin.logentry",
  "pk": 288,
  "fields": {
    "action_time": "2026-01-20T17:51:15.060Z",
    "user": [
      "cool"
    ],
    "content_type": [
      "enquiry_bot",
      "chatmessage"
    ],
    "object_id": "44",
    "object_repr": "bot: I'm your TakeOpinion assistant. I can help you wit",
    "action_flag": 3,
    "change_message": ""
  }
},
{
  "model": "admin.logentry",
  "pk": 289,
  "fields": {
    "action_time": "2026-01-20T17:51:15.060Z",
    "user": [
      "cool"
    ],
    "content_type": [
      "enquiry_bot",
      "chatmessage"
    ],
    "object_id": "43",
    "object_repr": "user: heelo",
    "action_flag": 3,
    "change_message": ""
  }
},
{
  "model": "admin.logentry",
  "pk": 290,
  "fields": {
    "action_time": "2026-01-20T17:51:15.060Z",
    "user": [
      "cool"
    ],
    "content_type": [
      "enquiry_bot",
      "chatmessage"
    ],
    "object_id": "42",
    "object_repr": "bot: I'm your TakeOpinion assistant. I can help you wit",
    "action_flag": 3,
    "change_message": ""
  }
},
{
  "model": "admin.logentry",
  "pk": 291,
  "fields": {
    "action_time": "2026-01-20T17:51:15.060Z",
    "user": [
      "cool"
    ],
    "content_type": [
      "enquiry_bot",
      "chatmessage"
    ],
    "object_id": "41",
    "object_repr": "user: aids",
    "action_flag": 3,
    "change_message": ""
  }
},
{
  "model": "admin.logentry",
  "pk": 292,
  "fields": {
    "action_time": "2026-01-20T17:51:15.060Z",
    "user": [
      "cool"
    ],
    "content_type": [
      "enquiry_bot",
      "chatmessage"
    ],
    "object_id": "40",
    "object_repr": "bot: Our platform provides detailed information about v",
    "action_flag": 3,
    "change_message": ""
  }
},
{
  "model": "admin.logentry",
  "pk": 293,
  "fields": {
    "action_time": "2026-01-20T17:51:15.060Z",
    "user": [
      "cool"
    ],
    "content_type": [
      "enquiry_bot",
      "chatmessage"
    ],
    "object_id": "39",
    "object_repr": "user: Treatment procedures and protocols",
    "action_flag": 3,
    "change_message": ""
  }
},
{
  "model": "admin.logentry",
  "pk": 294,
  "fields": {
    "action_time": "2026-01-20T17:51:15.060Z",
    "user": [
      "cool"
    ],
    "content_type": [
      "enquiry_bot",
      "chatmessage"
    ],
    "object_id": "38",
    "object_repr": "bot: Our platform provides detailed information about v",
    "action_flag": 3,
    "change_message": ""
  }
},
{
  "model": "admin.logentry",
  "pk": 295,
  "fields": {
    "action_time": "2026-01-20T17:51:15.061Z",
    "user": [
      "cool"
    ],
    "content_type": [
      "enquiry_bot",
      "chatmessage"
    ],
    "object_id": "37",
    "object_repr": "user: Treatment procedures and protocols  aids",
    "action_flag": 3,
    "change_message": ""
  }
},
{
  "model": "admin.logentry",
  "pk": 296,
  "fields": {
    "action_time": "2026-01-20T17:51:15.061Z",
    "user": [
      "cool"
    ],
    "content_type": [
      "enquiry_bot",
      "chatmessage"
    ],
    "object_id": "36",
    "object_repr": "bot: Our platform provides detailed information about v",
    "action_flag": 3,
    "change_message": ""
  }
},
{
  "model": "admin.logentry",
  "pk": 297,
  "fields": {
    "action_time": "2026-01-20T17:51:15.061Z",
    "user": [
      "cool"
    ],
    "content_type": [
      "enquiry_bot",
      "chatmessage"
    ],
    "object_id": "35",
    "object_repr": "user: Check our treatment options",
    "action_flag": 3,
    "change_message": ""
  }
},
{
  "model": "admin.logentry",
  "pk": 298,
  "fields": {
    "action_time": "2026-01-20T17:51:15.061Z",
    "user": [
      "cool"
    ],
    "content_type": [
      "enquiry_bot",
      "chatmessage"
    ],
    "object_id": "34",
    "object_repr": "bot: I understand you're asking about 'aids'. TakeOpini",
    "action_flag": 3,
    "change_message": ""
  }
},
{
  "model": "admin.logentry",
  "pk": 299,
  "fields": {
    "action_time": "2026-01-20T17:51:15.061Z",
    "user": [
      "cool"
    ],
    "content_type": [
      "enquiry_bot",
      "chatmessage"
    ],
    "object_id": "33",
    "object_repr": "user: aids",
    "action_flag": 3,
    "change_message": ""
  }
},
{
  "model": "admin.logentry",
  "pk": 300,
  "fields": {
    "action_time": "2026-01-20T17:51:26.386Z",
    "user": [
      "cool"
    ],
    "content_type": [
      "enquiry_bot",
      "enquiry"
    ],
    "object_id": "59",
    "object_repr": "Chat Inquiry - Guest",
    "action_flag": 3,
    "change_message": ""
  }
},
{
  "model": "admin.logentry",
  "pk": 301,
  "fields": {
    "action_time": "2026-01-20T17:51:26.386Z",
    "user": [
      "cool"
    ],
    "content_type": [
      "enquiry_bot",
      "enquiry"
    ],
    "object_id": "58",
    "object_repr": "Chat Inquiry - tusharsinghkumar04",
    "action_flag": 3,
    "change_message": ""
  }
},
{
  "model": "admin.logentry",
  "pk": 302,
  "fields": {
    "action_time": "2026-01-20T17:51:26.386Z",
    "user": [
      "cool"
    ],
    "content_type": [
      "enquiry_bot",
      "enquiry"
    ],
    "object_id": "57",
    "object_repr": "Chat Inquiry - tusharsinghkumar04",
    "action_flag": 3,
    "change_message": ""
  }
},
{
  "model": "admin.logentry",
  "pk": 303,
  "fields": {
    "action_time": "2026-01-20T17:51:26.386Z",
    "user": [
      "cool"
    ],
    "content_type": [
      "enquiry_bot",
      "enquiry"
    ],
    "object_id": "56",
    "object_repr": "Chat Inquiry - tusharsinghkumar04",
    "action_flag": 3,
    "change_message": ""
  }
},
{
  "model": "admin.logentry",
  "pk": 304,
  "fields": {
    "action_time": "2026-01-20T17:51:26.386Z",
    "user": [
      "cool"
    ],
    "content_type": [
      "enquiry_bot",
      "enquiry"
    ],
    "object_id": "55",
    "object_repr": "Chat Inquiry - cool",
    "action_flag": 3,
    "change_message": ""
  }
},
{
  "model": "admin.logentry",
  "pk": 305,
  "fields": {
    "action_time": "2026-01-20T17:51:26.387Z",
    "user": [
      "cool"
    ],
    "content_type": [
      "enquiry_bot",
      "enquiry"
    ],
    "object_id": "54",
    "object_repr": "Chat Inquiry - cool",
    "action_flag": 3,
    "change_message": ""
  }
},
{
  "model": "admin.logentry",
  "pk": 306,
  "fields": {
    "action_time": "2026-01-20T17:51:26.387Z",
    "user": [
      "cool"
    ],
    "content_type": [
      "enquiry_bot",
      "enquiry"
    ],
    "object_id": "53",
    "object_repr": "Chat Inquiry - cool",
    "action_flag": 3,
    "change_message": ""
  }
},
{
  "model": "admin.logentry",
  "pk": 307,
  "fields": {
    "action_time": "2026-01-20T17:51:26.387Z",
    "user": [
      "cool"
    ],
    "content_type": [
      "enquiry_bot",
      "enquiry"
    ],
    "object_id": "52",
    "object_repr": "Chat Inquiry - cool",
    "action_flag": 3,
    "change_message": ""
  }
},
{
  "model": "admin.logentry",
  "pk": 308,
  "fields": {
    "action_time": "2026-01-20T17:51:26.387Z",
    "user": [
      "cool"
    ],
    "content_type": [
      "enquiry_bot",
      "enquiry"
    ],
    "object_id": "51",
    "object_repr": "Chat Inquiry - cool",
    "action_flag": 3,
    "change_message": ""
  }
},
{
  "model": "admin.logentry",
  "pk": 309,
  "fields": {
    "action_time": "2026-01-20T17:51:26.387Z",
    "user": [
      "cool"
    ],
    "content_type": [
      "enquiry_bot",
      "enquiry"
    ],
    "object_id": "50",
    "object_repr": "Chat Inquiry - cool",
    "action_flag": 3,
    "change_message": ""
  }
},
{
  "model": "admin.logentry",
  "pk": 310,
  "fields": {
    "action_time": "2026-01-20T17:51:26.387Z",
    "user": [
      "cool"
    ],
    "content_type": [
      "enquiry_bot",
      "enquiry"
    ],
    "object_id": "49",
    "object_repr": "Chat Inquiry - cool",
    "action_flag": 3,
    "change_message": ""
  }
},
{
  "model": "admin.logentry",
  "pk": 311,
  "fields": {
    "action_time": "2026-01-20T17:51:26.387Z",
    "user": [
      "cool"
    ],
    "content_type": [
      "enquiry_bot",
      "enquiry"
    ],
    "object_id": "48",
    "object_repr": "Chat Inquiry - cool",
    "action_flag": 3,
    "change_message": ""
  }
},
{
  "model": "admin.logentry",
  "pk": 312,
  "fields": {
    "action_time": "2026-01-20T17:51:26.388Z",
    "user": [
      "cool"
    ],
    "content_type": [
      "enquiry_bot",
      "enquiry"
    ],
    "object_id": "47",
    "object_repr": "Chat Inquiry - cool",
    "action_flag": 3,
    "change_message": ""
  }
},
{
  "model": "admin.logentry",
  "pk": 313,
  "fields": {
    "action_time": "2026-01-20T17:51:26.388Z",
    "user": [
      "cool"
    ],
    "content_type": [
      "enquiry_bot",
      "enquiry"
    ],
    "object_id": "46",
    "object_repr": "Chat Inquiry - cool",
    "action_flag": 3,
    "change_message": ""
  }
},
{
  "model": "admin.logentry",
  "pk": 314,
  "fields": {
    "action_time": "2026-01-20T17:51:26.388Z",
    "user": [
      "cool"
    ],
    "content_type": [
      "enquiry_bot",
      "enquiry"
    ],
    "object_id": "45",
    "object_repr": "Chat Inquiry - cool",
    "action_flag": 3,
    "change_message": ""
  }
},
{
  "model": "admin.logentry",
  "pk": 315,
  "fields": {
    "action_time": "2026-01-20T17:51:26.388Z",
    "user": [
      "cool"
    ],
    "content_type": [
      "enquiry_bot",
      "enquiry"
    ],
    "object_id": "44",
    "object_repr": "Chat Inquiry - cool",
    "action_flag": 3,
    "change_message": ""
  }
},
{
  "model": "admin.logentry",
  "pk": 316,
  "fields": {
    "action_time": "2026-01-20T17:51:26.388Z",
    "user": [
      "cool"
    ],
    "content_type": [
      "enquiry_bot",
      "enquiry"
    ],
    "object_id": "43",
    "object_repr": "Chat Inquiry - cool",
    "action_flag": 3,
    "change_message": ""
  }
},
{
  "model": "admin.logentry",
  "pk": 317,
  "fields": {
    "action_time": "2026-01-20T17:51:26.388Z",
    "user": [
      "cool"
    ],
    "content_type": [
      "enquiry_bot",
      "enquiry"
    ],
    "object_id": "42",
    "object_repr": "Chat Inquiry - cool",
    "action_flag": 3,
    "change_message": ""
  }
},
{
  "model": "admin.logentry",
  "pk": 318,
  "fields": {
    "action_time": "2026-01-20T17:51:26.388Z",
    "user": [
      "cool"
    ],
    "content_type": [
      "enquiry_bot",
      "enquiry"
    ],
    "object_id": "41",
    "object_repr": "Chat Inquiry - cool",
    "action_flag": 3,
    "change_message": ""
  }
},
{
  "model": "admin.logentry",
  "pk": 319,
  "fields": {
    "action_time": "2026-01-20T17:51:26.389Z",
    "user": [
      "cool"
    ],
    "content_type": [
      "enquiry_bot",
      "enquiry"
    ],
    "object_id": "40",
    "object_repr": "Chat Inquiry - cool",
    "action_flag": 3,
    "change_message": ""
  }
},
{
  "model": "admin.logentry",
  "pk": 320,
  "fields": {
    "action_time": "2026-01-20T17:51:26.389Z",
    "user": [
      "cool"
    ],
    "content_type": [
      "enquiry_bot",
      "enquiry"
    ],
    "object_id": "39",
    "object_repr": "Chat Inquiry - cool",
    "action_flag": 3,
    "change_message": ""
  }
},
{
  "model": "admin.logentry",
  "pk": 321,
  "fields": {
    "action_time": "2026-01-20T17:51:26.389Z",
    "user": [
      "cool"
    ],
    "content_type": [
      "enquiry_bot",
      "enquiry"
    ],
    "object_id": "38",
    "object_repr": "Chat Inquiry - cool",
    "action_flag": 3,
    "change_message": ""
  }
},
{
  "model": "admin.logentry",
  "pk": 322,
  "fields": {
    "action_time": "2026-01-20T17:51:26.389Z",
    "user": [
      "cool"
    ],
    "content_type": [
      "enquiry_bot",
      "enquiry"
    ],
    "object_id": "37",
    "object_repr": "Chat Inquiry - cool",
    "action_flag": 3,
    "change_message": ""
  }
},
{
  "model": "admin.logentry",
  "pk": 323,
  "fields": {
    "action_time": "2026-01-20T17:51:26.389Z",
    "user": [
      "cool"
    ],
    "content_type": [
      "enquiry_bot",
      "enquiry"
    ],
    "object_id": "36",
    "object_repr": "Chat Inquiry - cool",
    "action_flag": 3,
    "change_message": ""
  }
},
{
  "model": "admin.logentry",
  "pk": 324,
  "fields": {
    "action_time": "2026-01-20T17:51:26.389Z",
    "user": [
      "cool"
    ],
    "content_type": [
      "enquiry_bot",
      "enquiry"
    ],
    "object_id": "35",
    "object_repr": "Chat Inquiry - cool",
    "action_flag": 3,
    "change_message": ""
  }
},
{
  "model": "admin.logentry",
  "pk": 325,
  "fields": {
    "action_time": "2026-01-20T17:51:26.389Z",
    "user": [
      "cool"
    ],
    "content_type": [
      "enquiry_bot",
      "enquiry"
    ],
    "object_id": "34",
    "object_repr": "Chat Inquiry - cool",
    "action_flag": 3,
    "change_message": ""
  }
},
{
  "model": "admin.logentry",
  "pk": 326,
  "fields": {
    "action_time": "2026-01-20T17:51:26.390Z",
    "user": [
      "cool"
    ],
    "content_type": [
      "enquiry_bot",
      "enquiry"
    ],
    "object_id": "33",
    "object_repr": "Chat Inquiry - tusharsinghkumar04",
    "action_flag": 3,
    "change_message": ""
  }
},
{
  "model": "admin.logentry",
  "pk": 327,
  "fields": {
    "action_time": "2026-01-20T17:51:26.390Z",
    "user": [
      "cool"
    ],
    "content_type": [
      "enquiry_bot",
      "enquiry"
    ],
    "object_id": "32",
    "object_repr": "Chat Inquiry - tusharsinghkumar04",
    "action_flag": 3,
    "change_message": ""
  }
},
{
  "model": "admin.logentry",
  "pk": 328,
  "fields": {
    "action_time": "2026-01-20T17:51:26.390Z",
    "user": [
      "cool"
    ],
    "content_type": [
      "enquiry_bot",
      "enquiry"
    ],
    "object_id": "31",
    "object_repr": "Chat Inquiry - tusharsinghkumar04",
    "action_flag": 3,
    "change_message": ""
  }
},
{
  "model": "admin.logentry",
  "pk": 329,
  "fields": {
    "action_time": "2026-01-20T17:51:26.390Z",
    "user": [
      "cool"
    ],
    "content_type": [
      "enquiry_bot",
      "enquiry"
    ],
    "object_id": "30",
    "object_repr": "Chat Inquiry - tusharsinghkumar04",
    "action_flag": 3,
    "change_message": ""
  }
},
{
  "model": "admin.logentry",
  "pk": 330,
  "fields": {
    "action_time": "2026-01-20T17:51:26.390Z",
    "user": [
      "cool"
    ],
    "content_type": [
      "enquiry_bot",
      "enquiry"
    ],
    "object_id": "29",
    "object_repr": "Chat Inquiry - tusharsinghkumar04",
    "action_flag": 3,
    "change_message": ""
  }
},
{
  "model": "admin.logentry",
  "pk": 331,
  "fields": {
    "action_time": "2026-01-20T17:51:26.390Z",
    "user": [
      "cool"
    ],
    "content_type": [
      "enquiry_bot",
      "enquiry"
    ],
    "object_id": "28",
    "object_repr": "Chat Inquiry - tusharsinghkumar04",
    "action_flag": 3,
    "change_message": ""
  }
},
{
  "model": "admin.logentry",
  "pk": 332,
  "fields": {
    "action_time": "2026-01-20T17:51:26.391Z",
    "user": [
      "cool"
    ],
    "content_type": [
      "enquiry_bot",
      "enquiry"
    ],
    "object_id": "27",
    "object_repr": "Chat Inquiry - tusharsinghkumar04",
    "action_flag": 3,
    "change_message": ""
  }
},
{
  "model": "admin.logentry",
  "pk": 333,
  "fields": {
    "action_time": "2026-01-20T17:51:26.391Z",
    "user": [
      "cool"
    ],
    "content_type": [
      "enquiry_bot",
      "enquiry"
    ],
    "object_id": "26",
    "object_repr": "Chat Inquiry - tusharsinghkumar04",
    "action_flag": 3,
    "change_message": ""
  }
},
{
  "model": "admin.logentry",
  "pk": 334,
  "fields": {
    "action_time": "2026-01-20T17:51:26.391Z",
    "user": [
      "cool"
    ],
    "content_type": [
      "enquiry_bot",
      "enquiry"
    ],
    "object_id": "25",
    "object_repr": "Chat Inquiry - tusharsinghkumar04",
    "action_flag": 3,
    "change_message": ""
  }
},
{
  "model": "admin.logentry",
  "pk": 335,
  "fields": {
    "action_time": "2026-01-20T17:51:26.391Z",
    "user": [
      "cool"
    ],
    "content_type": [
      "enquiry_bot",
      "enquiry"
    ],
    "object_id": "24",
    "object_repr": "Chat Inquiry - tusharsinghkumar04",
    "action_flag": 3,
    "change_message": ""
  }
},
{
  "model": "admin.logentry",
  "pk": 336,
  "fields": {
    "action_time": "2026-01-20T17:51:26.391Z",
    "user": [
      "cool"
    ],
    "content_type": [
      "enquiry_bot",
      "enquiry"
    ],
    "object_id": "23",
    "object_repr": "Chat Inquiry - tusharsinghkumar04",
    "action_flag": 3,
    "change_message": ""
  }
},
{
  "model": "admin.logentry",
  "pk": 337,
  "fields": {
    "action_time": "2026-01-20T17:51:26.391Z",
    "user": [
      "cool"
    ],
    "content_type": [
      "enquiry_bot",
      "enquiry"
    ],
    "object_id": "22",
    "object_repr": "Chat Inquiry - tusharsinghkumar04",
    "action_flag": 3,
    "change_message": ""
  }
},
{
  "model": "admin.logentry",
  "pk": 338,
  "fields": {
    "action_time": "2026-01-20T17:51:26.392Z",
    "user": [
      "cool"
    ],
    "content_type": [
      "enquiry_bot",
      "enquiry"
    ],
    "object_id": "21",
    "object_repr": "Chat Inquiry - tusharsinghkumar04",
    "action_flag": 3,
    "change_message": ""
  }
},
{
  "model": "admin.logentry",
  "pk": 339,
  "fields": {
    "action_time": "2026-01-20T17:51:26.392Z",
    "user": [
      "cool"
    ],
    "content_type": [
      "enquiry_bot",
      "enquiry"
    ],
    "object_id": "20",
    "object_repr": "Chat Inquiry - tusharsinghkumar04",
    "action_flag": 3,
    "change_message": ""
  }
},
{
  "model": "admin.logentry",
  "pk": 340,
  "fields": {
    "action_time": "2026-01-20T17:51:26.392Z",
    "user": [
      "cool"
    ],
    "content_type": [
      "enquiry_bot",
      "enquiry"
    ],
    "object_id": "19",
    "object_repr": "Chat Inquiry - tusharsinghkumar04",
    "action_flag": 3,
    "change_message": ""
  }
},
{
  "model": "admin.logentry",
  "pk": 341,
  "fields": {
    "action_time": "2026-01-20T17:51:26.392Z",
    "user": [
      "cool"
    ],
    "content_type": [
      "enquiry_bot",
      "enquiry"
    ],
    "object_id": "18",
    "object_repr": "Chat Inquiry - tusharsinghkumar04",
    "action_flag": 3,
    "change_message": ""
  }
},
{
  "model": "admin.logentry",
  "pk": 342,
  "fields": {
    "action_time": "2026-01-20T17:51:26.392Z",
    "user": [
      "cool"
    ],
    "content_type": [
      "enquiry_bot",
      "enquiry"
    ],
    "object_id": "17",
    "object_repr": "Chat Inquiry - tusharsinghkumar04",
    "action_flag": 3,
    "change_message": ""
  }
},
{
  "model": "admin.logentry",
  "pk": 343,
  "fields": {
    "action_time": "2026-01-20T17:51:26.392Z",
    "user": [
      "cool"
    ],
    "content_type": [
      "enquiry_bot",
      "enquiry"
    ],
    "object_id": "16",
    "object_repr": "Chat Inquiry - tusharsinghkumar04",
    "action_flag": 3,
    "change_message": ""
  }
},
{
  "model": "admin.logentry",
  "pk": 344,
  "fields": {
    "action_time": "2026-01-20T17:51:26.392Z",
    "user": [
      "cool"
    ],
    "content_type": [
      "enquiry_bot",
      "enquiry"
    ],
    "object_id": "15",
    "object_repr": "Chat Inquiry - tusharsinghkumar04",
    "action_flag": 3,
    "change_message": ""
  }
},
{
  "model": "admin.logentry",
  "pk": 345,
  "fields": {
    "action_time": "2026-01-20T17:51:26.393Z",
    "user": [
      "cool"
    ],
    "content_type": [
      "enquiry_bot",
      "enquiry"
    ],
    "object_id": "14",
    "object_repr": "Chat Inquiry - tusharsinghkumar04",
    "action_flag": 3,
    "change_message": ""
  }
},
{
  "model": "admin.logentry",
  "pk": 346,
  "fields": {
    "action_time": "2026-01-20T17:51:26.393Z",
    "user": [
      "cool"
    ],
    "content_type": [
      "enquiry_bot",
      "enquiry"
    ],
    "object_id": "13",
    "object_repr": "Chat Inquiry - tusharsinghkumar04",
    "action_flag": 3,
    "change_message": ""
  }
},
{
  "model": "admin.logentry",
  "pk": 347,
  "fields": {
    "action_time": "2026-01-20T17:51:26.393Z",
    "user": [
      "cool"
    ],
    "content_type": [
      "enquiry_bot",
      "enquiry"
    ],
    "object_id": "12",
    "object_repr": "Chat Inquiry - tusharsinghkumar04",
    "action_flag": 3,
    "change_message": ""
  }
},
{
  "model": "admin.logentry",
  "pk": 348,
  "fields": {
    "action_time": "2026-01-20T17:51:26.393Z",
    "user": [
      "cool"
    ],
    "content_type": [
      "enquiry_bot",
      "enquiry"
    ],
    "object_id": "11",
    "object_repr": "Chat Inquiry - tusharsinghkumar04",
    "action_flag": 3,
    "change_message": ""
  }
},
{
  "model": "admin.logentry",
  "pk": 349,
  "fields": {
    "action_time": "2026-01-20T17:51:26.393Z",
    "user": [
      "cool"
    ],
    "content_type": [
      "enquiry_bot",
      "enquiry"
    ],
    "object_id": "10",
    "object_repr": "Chat Inquiry - tusharsinghkumar04",
    "action_flag": 3,
    "change_message": ""
  }
},
{
  "model": "admin.logentry",
  "pk": 350,
  "fields": {
    "action_time": "2026-01-20T17:51:26.393Z",
    "user": [
      "cool"
    ],
    "content_type": [
      "enquiry_bot",
      "enquiry"
    ],
    "object_id": "9",
    "object_repr": "Chat Inquiry - tusharsinghkumar04",
    "action_flag": 3,
    "change_message": ""
  }
},
{
  "model": "admin.logentry",
  "pk": 351,
  "fields": {
    "action_time": "2026-01-20T17:51:26.393Z",
    "user": [
      "cool"
    ],
    "content_type": [
      "enquiry_bot",
      "enquiry"
    ],
    "object_id": "8",
    "object_repr": "Chat Inquiry - tusharsinghkumar04",
    "action_flag": 3,
    "change_message": ""
  }
},
{
  "model": "admin.logentry",
  "pk": 352,
  "fields": {
    "action_time": "2026-01-20T17:51:26.393Z",
    "user": [
      "cool"
    ],
    "content_type": [
      "enquiry_bot",
      "enquiry"
    ],
    "object_id": "7",
    "object_repr": "Chat Inquiry - tusharsinghkumar04",
    "action_flag": 3,
    "change_message": ""
  }
},
{
  "model": "admin.logentry",
  "pk": 353,
  "fields": {
    "action_time": "2026-01-20T17:51:26.394Z",
    "user": [
      "cool"
    ],
    "content_type": [
      "enquiry_bot",
      "enquiry"
    ],
    "object_id": "6",
    "object_repr": "Chat Inquiry - tusharsinghkumar04",
    "action_flag": 3,
    "change_message": ""
  }
},
{
  "model": "admin.logentry",
  "pk": 354,
  "fields": {
    "action_time": "2026-01-20T17:51:26.394Z",
    "user": [
      "cool"
    ],
    "content_type": [
      "enquiry_bot",
      "enquiry"
    ],
    "object_id": "5",
    "object_repr": "Chat Inquiry - tusharsinghkumar04",
    "action_flag": 3,
    "change_message": ""
  }
},
{
  "model": "admin.logentry",
  "pk": 355,
  "fields": {
    "action_time": "2026-01-20T17:51:26.394Z",
    "user": [
      "cool"
    ],
    "content_type": [
      "enquiry_bot",
      "enquiry"
    ],
    "object_id": "4",
    "object_repr": "Chat Inquiry - tusharsinghkumar04",
    "action_flag": 3,
    "change_message": ""
  }
},
{
  "model": "admin.logentry",
  "pk": 356,
  "fields": {
    "action_time": "2026-01-20T17:51:26.394Z",
    "user": [
      "cool"
    ],
    "content_type": [
      "enquiry_bot",
      "enquiry"
    ],
    "object_id": "3",
    "object_repr": "Chat Inquiry - tusharsinghkumar04",
    "action_flag": 3,
    "change_message": ""
  }
},
{
  "model": "admin.logentry",
  "pk": 357,
  "fields": {
    "action_time": "2026-01-20T17:51:26.394Z",
    "user": [
      "cool"
    ],
    "content_type": [
      "enquiry_bot",
      "enquiry"
    ],
    "object_id": "2",
    "object_repr": "Chat Inquiry - tusharsinghkumar04",
    "action_flag": 3,
    "change_message": ""
  }
},
{
  "model": "admin.logentry",
  "pk": 358,
  "fields": {
    "action_time": "2026-01-20T17:51:26.394Z",
    "user": [
      "cool"
    ],
    "content_type": [
      "enquiry_bot",
      "enquiry"
    ],
    "object_id": "1",
    "object_repr": "Chat Inquiry - tusharsinghkumar04",
    "action_flag": 3,
    "change_message": ""
  }
}
]
